"","NucSubst","ObsFr","Colour","ExpFr","ObsToExp","MutSpec"
"1","AAA>AGA",5,"A>G",265,0.0188679245283019,0.00316517946468195
"2","AAC>AGC",4,"A>G",202,0.0198019801980198,0.00332187151738898
"3","AAG>AGG",8,"A>G",306,0.0261437908496732,0.00438573886609525
"4","AAT>AGT",4,"A>G",175,0.0228571428571429,0.0038343888372147
"5","ACA>ATA",67,"C>T",269,0.24907063197026,0.041782722227084
"6","ACC>ATC",10,"C>T",107,0.0934579439252336,0.015677991740948
"7","ACG>ATG",12,"C>T",58,0.206896551724138,0.0347078299920296
"8","ACT>ATT",22,"C>T",210,0.104761904761905,0.0175742821705674
"9","AGA>AAA",2,"G>A",123,0.016260162601626,0.00272771563622997
"10","AGG>AAG",4,"G>A",116,0.0344827586206897,0.00578463833200494
"11","AGT>AAT",2,"G>A",126,0.0158730158730159,0.00266277002584354
"12","ATA>ACA",12,"T>C",240,0.05,0.00838772558140716
"13","ATC>ACC",5,"T>C",129,0.0387596899224806,0.006502112853804
"14","ATG>ACG",13,"T>C",441,0.0294784580498866,0.00494514433370944
"15","ATT>ACT",7,"T>C",393,0.0178117048346056,0.0029879938457939
"16","CAA>CGA",3,"A>G",213,0.0140845070422535,0.00236273960039638
"17","CAA>CTA",2,"A>T",213,0.00938967136150235,0.00157515973359759
"18","CAC>CCC",1,"A>C",206,0.00485436893203883,0.000814342289457006
"19","CAC>CGC",2,"A>G",206,0.00970873786407767,0.00162868457891401
"20","CAC>CTC",1,"A>T",206,0.00485436893203883,0.000814342289457006
"21","CAG>CGG",7,"A>G",230,0.0304347826086957,0.00510557209303045
"22","CAG>CTG",7,"A>T",230,0.0304347826086957,0.00510557209303045
"23","CAT>CCT",1,"A>C",166,0.00602409638554217,0.00101056934715749
"24","CAT>CGT",4,"A>G",166,0.0240963855421687,0.00404227738862996
"25","CAT>CTT",4,"A>T",166,0.0240963855421687,0.00404227738862996
"26","CCA>CGA",2,"C>G",111,0.018018018018018,0.0030226038131197
"27","CCA>CTA",17,"C>T",111,0.153153153153153,0.0256921324115174
"28","CCC>CTC",6,"C>T",28,0.214285714285714,0.0359473953488878
"29","CCG>CTG",7,"C>T",27,0.259259259259259,0.0434919104221112
"30","CCT>CAT",1,"C>A",77,0.012987012987013,0.00217863002114472
"31","CCT>CTT",11,"C>T",98,0.112244897959184,0.0188295880398936
"32","CGA>CAA",2,"G>A",15,0.133333333333333,0.0223672682170858
"33","CGC>CAC",2,"G>A",27,0.0740740740740741,0.0124262601206032
"34","CGC>CTC",3,"G>T",27,0.111111111111111,0.0186393901809048
"35","CGG>CAG",1,"G>A",18,0.0555555555555556,0.0093196950904524
"36","CGG>CTG",5,"G>T",18,0.277777777777778,0.046598475452262
"37","CGT>CCT",1,"G>C",30,0.0333333333333333,0.00559181705427144
"38","CGT>CTT",8,"G>T",30,0.266666666666667,0.0447345364341715
"39","CTA>CAA",1,"T>A",343,0.00291545189504373,0.000489080208828406
"40","CTA>CCA",2,"T>C",343,0.00583090379008746,0.000978160417656812
"41","CTC>CAC",1,"T>A",114,0.0087719298245614,0.00147153080375564
"42","CTC>CCC",2,"T>C",114,0.0175438596491228,0.00294306160751129
"43","CTG>CCG",2,"T>C",362,0.00552486187845304,0.000926820506232836
"44","CTG>CGG",1,"T>G",362,0.00276243093922652,0.000463410253116418
"45","CTT>CCT",2,"T>C",336,0.00595238095238095,0.000998538759691329
"46","GAA>GGA",2,"A>G",79,0.0253164556962025,0.00424694966147198
"47","GAC>GGC",1,"A>G",71,0.0140845070422535,0.00236273960039638
"48","GAC>GTC",1,"A>T",37,0.027027027027027,0.00453390571967955
"49","GAG>GCG",2,"A>C",73,0.0273972602739726,0.0045960140172094
"50","GAG>GGG",1,"A>G",102,0.00980392156862745,0.00164465207478572
"51","GAG>GTG",1,"A>T",43,0.0232558139534884,0.0039012677122824
"52","GAT>GGT",1,"A>G",40,0.025,0.00419386279070358
"53","GCA>GAA",1,"C>A",63,0.0158730158730159,0.00266277002584354
"54","GCA>GTA",11,"C>T",106,0.10377358490566,0.0174084870557507
"55","GCC>GTC",9,"C>T",31,0.290322580645161,0.0487029227307513
"56","GCG>GTG",6,"C>T",37,0.162162162162162,0.0272034343180773
"57","GCT>GGT",1,"C>G",38,0.0263157894736842,0.00441459241126693
"58","GCT>GTT",14,"C>T",100,0.14,0.0234856316279401
"59","GGA>GAA",1,"G>A",15,0.0666666666666667,0.0111836341085429
"60","GGC>GAC",1,"G>A",14,0.0714285714285714,0.0119824651162959
"61","GGC>GTC",3,"G>T",8,0.375,0.0629079418605537
"62","GGG>GAG",1,"G>A",22,0.0454545454545455,0.00762520507400651
"63","GGT>GAT",1,"G>A",24,0.0416666666666667,0.0069897713178393
"64","GTA>GCA",4,"T>C",206,0.0194174757281553,0.00325736915782802
"65","GTC>GCC",2,"T>C",84,0.0238095238095238,0.00399415503876531
"66","GTG>GCG",5,"T>C",348,0.014367816091954,0.00241026597166872
"67","GTT>GCT",1,"T>C",230,0.00434782608695652,0.000729367441861492
"68","TAA>TGA",2,"A>G",149,0.0134228187919463,0.00225173841111602
"69","TAC>TGC",4,"A>G",146,0.0273972602739726,0.0045960140172094
"70","TAG>TCG",1,"A>C",242,0.00413223140495868,0.000693200461273319
"71","TAG>TGG",3,"A>G",185,0.0162162162162162,0.00272034343180773
"72","TAG>TTG",1,"A>T",160,0.00625,0.0010484656976759
"73","TAT>TGT",3,"A>G",61,0.0491803278688525,0.00825022188335131
"74","TAT>TTT",1,"A>T",50,0.02,0.00335509023256287
"75","TCA>TTA",28,"C>T",185,0.151351351351351,0.0253898720302055
"76","TCC>TTC",8,"C>T",64,0.125,0.0209693139535179
"77","TCG>TAG",1,"C>A",51,0.0196078431372549,0.00328930414957144
"78","TCG>TTG",16,"C>T",54,0.296296296296296,0.0497050404824128
"79","TCT>TTT",36,"C>T",185,0.194594594594595,0.0326441211816927
"80","TGA>TAA",3,"G>A",83,0.036144578313253,0.00606341608294494
"81","TGA>TTA",7,"G>T",43,0.162790697674419,0.0273088739859768
"82","TGC>TTC",3,"G>T",33,0.0909090909090909,0.015250410148013
"83","TGG>TAG",2,"G>A",76,0.0263157894736842,0.00441459241126693
"84","TGG>TTG",4,"G>T",40,0.1,0.0167754511628143
"85","TGT>TAT",3,"G>A",94,0.0319148936170213,0.00535386739238755
"86","TGT>TTT",5,"G>T",43,0.116279069767442,0.019506338561412
"87","TTA>TAA",1,"T>A",281,0.00355871886120996,0.00059699114458414
"88","TTA>TCA",4,"T>C",394,0.0101522842639594,0.00170309148861059
"89","TTA>TGA",1,"T>G",201,0.00497512437810945,0.000834599560339021
"90","TTC>TCC",1,"T>C",146,0.00684931506849315,0.00114900350430235
"91","TTG>TAG",2,"T>A",331,0.00604229607250755,0.00101362242675615
"92","TTG>TCG",1,"T>C",463,0.00215982721382289,0.000362320759456033
"93","TTT>TCT",3,"T>C",439,0.00683371298405467,0.00114638618424699
"94","TTT>TGT",1,"T>G",151,0.00662251655629139,0.00111095703064996
