"","X","Codons","Number_of_codons","Mean_codon_number"
"1",1,"ATG",206002,206.002
"2",2,"GAG",122996,122.996
"3",3,"AGC",39726,39.726
"4",4,"CTT",271382,271.382
"5",5,"GTC",109991,109.991
"6",6,"CCT",190715,190.715
"7",7,"GGT",337136,337.136
"8",8,"TTC",148740,148.74
"9",9,"AAC",172968,172.968
"10",10,"AAA",367076,367.076
"11",11,"ACA",293967,293.967
"12",12,"CAC",58017,58.017
"13",13,"CAA",254006,254.006
"14",14,"CTC",91886,91.886
"15",15,"AGT",158266,158.266
"16",16,"TTG",164810,164.81
"17",17,"GTT",382052,382.052
"18",18,"TTA",252771,252.771
"19",19,"CAG",110960,110.96
"20",20,"CGC",33998,33.998
"21",21,"GAC",183976,183.976
"22",22,"GTG",111984,111.984
"23",23,"GTA",176992,176.992
"24",24,"CGT",84971,84.971
"25",25,"GGC",102990,102.99
"26",26,"TTT",351455,351.455
"27",27,"GGA",118895,118.895
"28",28,"TCC",50994,50.994
"29",29,"TCA",184271,184.271
"30",30,"GCA",179965,179.965
"31",31,"CAT",130997,130.997
"32",32,"GAT",326767,326.767
"33",33,"ACT",319969,319.969
"34",34,"TGT",229136,229.136
"35",35,"GAA",318983,318.983
"36",36,"CCC",28994,28.994
"37",37,"TAT",274032,274.032
"38",38,"ATC",95009,95.009
"39",39,"TCG",11998,11.998
"40",40,"GCT",357968,357.968
"41",41,"CGA",17082,17.082
"42",42,"CTG",47037,47.037
"43",43,"ATT",260080,260.08
"44",44,"TAC",173941,173.941
"45",45,"ATA",157064,157.064
"46",46,"CCA",156971,156.971
"47",47,"AAG",194995,194.995
"48",48,"AAT",359038,359.038
"49",49,"GCC",94994,94.994
"50",50,"CTA",101998,101.998
"51",51,"TGG",110987,110.987
"52",52,"ACC",67980,67.98
"53",53,"GGG",17015,17.015
"54",54,"TGC",66988,66.988
"55",55,"AGG",46937,46.937
"56",56,"ACG",35985,35.985
"57",57,"TCT",216017,216.017
"58",58,"AGA",156010,156.01
"59",59,"GCG",25001,25.001
"60",60,"CCG",16993,16.993
"61",61,"CGG",9997,9.997
"62",62,"TAA",9000,9
"63",63,"TAG",1001,1.001
"64",64,"TGA",4,0.004
