"","A","T","G","C"
"1",1230,2161,276,582
"2",1230,2161,276,582
"3",1230,2159,277,583
"4",1230,2162,277,580
"5",1230,2161,277,581
"6",1230,2161,276,582
"7",1229,2164,274,582
"8",1230,2163,276,580
"9",1229,2160,278,582
"10",1230,2162,277,580
"11",1230,2162,277,580
"12",1230,2162,277,580
"13",1230,2162,277,580
"14",1230,2162,277,580
"15",1230,2160,277,582
"16",1230,2162,276,581
"17",1229,2161,277,580
"18",1230,2162,277,580
"19",1230,2161,277,581
"20",1230,2161,277,581
"21",1229,2159,278,581
"22",1231,2161,276,581
"23",1231,2161,275,582
"24",1229,2162,277,581
"25",1229,2160,278,582
"26",1230,2161,277,581
"27",1230,2160,277,582
"28",1230,2162,276,581
"29",1230,2161,276,582
"30",1230,2161,276,582
"31",1229,2161,278,581
"32",1230,2161,277,581
"33",1230,2160,277,582
"34",1230,2160,277,582
"35",1230,2161,276,582
"36",1230,2160,277,582
"37",1230,2160,277,582
"38",1231,2159,277,582
"39",1230,2162,277,580
"40",1229,2161,278,581
"41",1230,2161,277,581
"42",1230,2161,277,581
"43",1231,2160,276,582
"44",1229,2161,278,581
"45",1229,2160,277,583
"46",1230,2161,277,581
"47",1230,2163,275,581
"48",1230,2161,277,581
"49",1230,2160,277,582
"50",1230,2161,277,581
"51",1230,2160,277,582
"52",1230,2162,277,580
"53",1230,2161,277,581
"54",1230,2161,277,581
"55",1230,2161,277,581
"56",1230,2161,277,581
"57",1230,2161,277,581
"58",1229,2163,277,580
"59",1230,2160,277,582
"60",1230,2160,277,582
"61",1229,2161,277,581
"62",1230,2160,277,582
"63",1230,2160,277,582
"64",1229,2161,278,581
"65",1230,2161,277,581
"66",1230,2160,277,582
"67",1230,2161,277,581
"68",1230,2162,277,580
"69",1230,2162,277,580
"70",1229,2163,276,581
"71",1230,2160,277,582
"72",1230,2160,277,582
"73",1230,2160,277,582
"74",1230,2160,277,582
"75",1230,2160,277,582
"76",1230,2160,277,582
"77",1230,2162,277,580
"78",1230,2161,277,581
"79",1230,2160,277,582
"80",1230,2160,276,583
"81",1230,2165,274,580
"82",1230,2159,277,583
"83",1230,2158,277,582
"84",1230,2158,277,582
"85",1230,2158,277,582
"86",1230,2158,277,582
"87",1230,2159,278,582
"88",1230,2161,276,582
"89",1230,2161,276,582
"90",1230,2161,276,582
"91",1230,2162,277,580
"92",1230,2162,277,580
"93",1230,2162,277,580
"94",1230,2159,277,583
"95",1230,2159,277,583
"96",1230,2159,277,583
"97",1231,2159,276,583
"98",1229,2162,276,582
"99",1230,2161,277,581
"100",1230,2162,277,580
"101",1229,2163,277,580
"102",1230,2159,278,582
"103",1230,2160,276,583
"104",1230,2161,277,581
"105",1230,2163,277,579
"106",1230,2159,277,583
"107",1232,2159,277,581
"108",1230,2159,277,583
"109",1232,2159,277,581
"110",1231,2161,276,581
"111",1230,2161,277,581
"112",1230,2160,277,582
"113",1231,2159,278,581
"114",1230,2160,277,582
"115",1230,2164,277,578
"116",1230,2160,277,582
"117",1230,2161,276,582
"118",1230,2159,277,583
"119",1230,2161,277,581
"120",1230,2162,277,580
"121",1230,2160,277,582
"122",1230,2159,277,583
"123",1230,2161,277,581
"124",1230,2158,277,584
"125",1230,2161,277,581
"126",1230,2161,277,581
"127",1231,2160,276,582
"128",1230,2161,277,581
"129",1230,2161,276,582
"130",1230,2162,276,581
"131",1230,2162,277,580
"132",1230,2162,276,581
"133",1229,2160,278,582
"134",1230,2159,278,582
"135",1229,2161,278,581
"136",1230,2161,277,581
"137",1230,2161,276,582
"138",1229,2159,279,582
"139",1230,2161,277,581
"140",1230,2159,277,583
"141",1230,2159,277,583
"142",1230,2159,277,583
"143",1230,2161,276,582
"144",1230,2161,277,581
"145",1230,2161,277,581
"146",1230,2160,277,582
"147",1230,2162,276,581
"148",1230,2161,277,581
"149",1230,2160,277,582
"150",1229,2161,278,581
"151",1230,2161,277,581
"152",1231,2161,277,580
"153",1229,2162,277,581
"154",1230,2161,277,581
"155",1228,2164,278,579
"156",1230,2161,277,581
"157",1230,2161,277,581
"158",1230,2160,277,582
"159",1230,2162,277,580
"160",1230,2161,277,581
"161",1229,2162,277,581
"162",1230,2161,277,581
"163",1230,2161,276,582
"164",1230,2162,277,580
"165",1230,2161,277,581
"166",1230,2159,277,583
"167",1230,2158,277,584
"168",1230,2160,278,581
"169",1230,2159,277,583
"170",1230,2162,276,581
"171",1230,2161,277,581
"172",1230,2161,277,581
"173",1230,2160,277,582
"174",1230,2161,276,582
"175",1229,2160,278,582
"176",1230,2159,277,583
"177",1230,2163,276,580
"178",1229,2159,278,583
"179",1231,2160,277,581
"180",1231,2159,278,581
"181",1229,2161,278,581
"182",1230,2160,277,582
"183",1230,2160,278,581
"184",1229,2162,277,581
"185",1230,2160,278,581
"186",1229,2161,277,582
"187",1230,2161,276,582
"188",1230,2161,276,582
"189",1230,2161,277,581
"190",1229,2159,279,582
"191",1230,2160,277,582
"192",1230,2161,277,581
"193",1230,2161,277,581
"194",1230,2161,277,581
"195",1230,2162,277,580
"196",1229,2166,274,580
"197",1230,2163,275,581
"198",1230,2163,277,579
"199",1230,2162,276,581
"200",1230,2161,276,582
"201",1230,2161,277,581
"202",1230,2161,277,581
"203",1231,2161,277,580
"204",1229,2162,277,581
"205",1229,2162,277,581
"206",1229,2162,277,581
"207",1227,2164,277,581
"208",1231,2163,276,579
"209",1229,2162,277,581
"210",1230,2162,277,580
"211",1230,2162,276,581
"212",1231,2157,278,583
"213",1231,2160,277,581
"214",1229,2163,276,580
"215",1230,2163,276,580
"216",1229,2161,277,582
"217",1231,2159,277,582
"218",1230,2163,276,579
"219",1230,2158,277,584
"220",1230,2161,276,582
"221",1230,2161,276,582
"222",1230,2163,276,579
"223",1230,2160,277,582
"224",1230,2164,276,579
"225",1229,2161,278,581
"226",1230,2159,277,583
"227",1231,2160,277,581
"228",1230,2160,276,583
"229",1230,2164,276,579
"230",1230,2159,277,583
"231",1230,2160,278,581
"232",1230,2159,277,583
"233",1230,2163,276,580
"234",1230,2163,276,580
"235",1230,2159,277,583
"236",1231,2161,277,580
"237",1231,2160,277,581
"238",1230,2159,277,583
"239",1229,2162,277,581
"240",1231,2159,277,582
"241",1231,2160,277,581
"242",1231,2163,276,579
"243",1230,2161,277,581
"244",1230,2162,276,581
"245",1230,2160,277,582
"246",1230,2159,277,583
"247",1231,2159,277,582
"248",1231,2160,278,580
"249",1230,2160,277,582
"250",1231,2159,277,582
"251",1231,2158,277,583
"252",1231,2159,277,582
"253",1230,2159,277,583
"254",1230,2159,277,583
"255",1230,2164,275,580
"256",1230,2160,278,581
"257",1230,2162,276,581
"258",1230,2161,276,582
"259",1229,2161,277,582
"260",1229,2160,277,583
"261",1231,2160,277,581
"262",1230,2160,276,583
"263",1231,2159,276,583
"264",1230,2160,277,582
"265",1229,2161,278,581
"266",1230,2159,277,583
"267",1230,2160,277,582
"268",1230,2160,277,582
"269",1230,2164,276,579
"270",1230,2158,277,584
"271",1231,2158,277,581
"272",1230,2160,277,582
"273",1229,2163,276,581
"274",1230,2159,277,583
"275",1230,2160,277,582
"276",1230,2164,276,579
"277",1229,2163,276,580
"278",1229,2159,278,583
"279",1230,2160,276,583
"280",1231,2158,277,583
"281",1230,2159,278,582
"282",1231,2161,277,580
"283",1229,2161,278,581
"284",1230,2160,277,582
"285",1230,2160,276,583
"286",1230,2159,277,583
"287",1231,2158,277,583
"288",1231,2159,276,583
"289",1231,2160,277,581
"290",1231,2160,277,581
"291",1231,2161,277,580
"292",1231,2159,277,582
"293",1230,2159,277,583
"294",1231,2159,277,582
"295",1230,2161,277,581
"296",1229,2163,276,580
"297",1230,2160,277,582
"298",1230,2160,277,582
"299",1230,2159,277,583
"300",1230,2160,276,583
"301",1230,2160,277,582
"302",1230,2164,276,579
"303",1230,2159,277,583
"304",1230,2164,276,579
"305",1230,2159,277,583
"306",1229,2159,278,583
"307",1231,2160,277,581
"308",1230,2161,276,582
"309",1229,2163,276,580
"310",1230,2160,277,582
"311",1230,2160,277,582
"312",1230,2161,277,581
"313",1231,2159,277,582
"314",1231,2158,277,583
"315",1230,2159,277,583
"316",1229,2161,278,581
"317",1230,2160,277,582
"318",1226,2163,279,581
"319",1230,2161,277,581
"320",1230,2161,276,582
"321",1231,2158,277,583
"322",1234,2159,276,580
"323",1231,2161,277,580
"324",1231,2160,277,581
"325",1230,2159,277,583
"326",1230,2159,277,583
"327",1229,2163,276,580
"328",1230,2160,276,583
"329",1231,2160,277,581
"330",1231,2161,275,582
"331",1231,2160,277,581
"332",1230,2158,277,584
"333",1230,2159,277,583
"334",1231,2159,277,582
"335",1230,2164,276,579
"336",1231,2159,277,582
"337",1230,2161,278,580
"338",1230,2162,277,580
"339",1230,2159,277,583
"340",1231,2159,277,582
"341",1230,2159,277,583
"342",1230,2160,277,582
"343",1229,2163,276,580
"344",1231,2160,277,581
"345",1229,2160,278,582
"346",1229,2163,276,580
"347",1230,2163,276,580
"348",1231,2156,278,584
"349",1230,2163,275,581
"350",1231,2160,277,581
"351",1233,2159,277,580
"352",1229,2160,278,582
"353",1230,2160,277,582
"354",1231,2161,277,580
"355",1230,2159,277,583
"356",1230,2161,277,581
"357",1230,2158,277,583
"358",1231,2160,277,581
"359",1230,2160,277,581
"360",1231,2159,277,582
"361",1229,2162,278,580
"362",1230,2158,277,584
"363",1231,2159,277,582
"364",1227,2163,278,581
"365",1230,2160,277,582
"366",1233,2159,277,580
"367",1231,2160,277,581
"368",1229,2160,277,583
"369",1229,2160,278,582
"370",1227,2163,278,581
"371",1230,2161,277,581
"372",1231,2158,277,583
"373",1230,2159,277,583
"374",1231,2158,277,583
"375",1229,2160,278,582
"376",1230,2160,277,582
"377",1230,2159,277,583
"378",1229,2160,277,583
"379",1230,2160,277,582
"380",1231,2158,277,583
"381",1230,2159,277,583
"382",1230,2159,277,583
"383",1232,2158,277,582
"384",1230,2164,276,579
"385",1229,2160,278,582
"386",1230,2164,276,579
"387",1230,2160,277,582
"388",1230,2164,276,579
"389",1230,2159,277,583
"390",1230,2164,276,579
"391",1229,2160,277,583
"392",1230,2164,276,579
"393",1231,2160,277,581
"394",1228,2162,278,581
"395",1230,2159,277,583
"396",1231,2159,277,582
"397",1230,2159,277,583
"398",1230,2159,277,583
"399",1230,2164,276,579
"400",1230,2159,277,583
"401",1231,2159,277,582
"402",1229,2160,277,583
"403",1233,2159,277,580
"404",1230,2160,277,582
"405",1230,2160,277,581
"406",1231,2159,277,582
"407",1230,2160,277,582
"408",1230,2159,277,583
"409",1229,2161,278,581
"410",1229,2163,276,580
"411",1230,2160,276,583
"412",1231,2160,276,582
"413",1230,2163,276,580
"414",1231,2161,277,580
"415",1230,2160,277,582
"416",1229,2158,277,583
"417",1230,2160,277,582
"418",1230,2159,277,583
"419",1230,2159,277,582
"420",1229,2160,277,583
"421",1229,2160,278,582
"422",1230,2163,276,580
"423",1229,2159,278,583
"424",1229,2161,278,581
"425",1230,2162,277,580
"426",1231,2160,277,581
"427",1230,2161,277,581
"428",1230,2164,276,579
"429",1231,2161,277,580
"430",1230,2159,277,583
"431",1230,2164,276,579
"432",1229,2160,277,583
"433",1232,2158,277,582
"434",1230,2161,277,581
"435",1231,2159,277,582
"436",1230,2160,277,582
"437",1229,2163,276,581
"438",1230,2158,277,584
"439",1230,2160,277,582
"440",1230,2163,276,580
"441",1230,2159,277,583
"442",1230,2159,277,583
"443",1230,2163,276,580
"444",1230,2161,276,582
"445",1230,2159,277,583
"446",1232,2160,276,581
"447",1230,2162,276,581
"448",1231,2158,277,583
"449",1230,2159,277,583
"450",1230,2159,277,583
"451",1230,2160,276,583
"452",1230,2161,276,582
"453",1229,2160,278,582
"454",1230,2159,277,583
"455",1230,2161,276,582
"456",1229,2160,278,582
"457",1230,2160,277,581
"458",1230,2163,277,579
"459",1230,2159,277,583
"460",1230,2161,277,581
"461",1230,2159,277,583
"462",1229,2160,278,582
"463",1230,2163,276,580
"464",1229,2160,278,582
"465",1231,2160,277,581
"466",1230,2159,277,583
"467",1230,2161,277,581
"468",1229,2163,276,580
"469",1230,2159,277,583
"470",1230,2159,277,583
"471",1230,2163,276,580
"472",1230,2161,276,582
"473",1230,2161,276,582
"474",1231,2159,277,582
"475",1230,2160,277,582
"476",1229,2163,276,580
"477",1230,2161,276,582
"478",1229,2160,278,581
"479",1230,2163,276,580
"480",1230,2160,276,583
"481",1230,2160,277,581
"482",1230,2164,276,579
"483",1230,2164,276,579
"484",1229,2160,277,583
"485",1230,2159,277,583
"486",1230,2161,277,581
"487",1230,2160,277,582
"488",1231,2158,277,583
"489",1232,2158,276,583
"490",1230,2161,276,582
"491",1229,2161,276,583
"492",1231,2158,277,583
"493",1231,2159,277,581
"494",1230,2160,276,583
"495",1229,2163,276,580
"496",1229,2161,278,581
"497",1230,2160,277,582
"498",1231,2159,277,582
"499",1230,2159,277,583
"500",1230,2163,276,580
"501",1231,2158,277,581
"502",1230,2160,277,582
"503",1229,2163,276,581
"504",1230,2159,277,583
"505",1230,2164,275,580
"506",1230,2159,277,583
"507",1230,2161,276,582
"508",1230,2163,276,580
"509",1232,2157,275,585
"510",1230,2159,277,583
"511",1230,2160,277,582
"512",1229,2160,277,583
"513",1230,2160,276,583
"514",1230,2160,278,581
"515",1230,2160,276,583
"516",1230,2162,275,582
"517",1229,2163,276,581
"518",1229,2161,278,581
"519",1229,2163,276,580
"520",1230,2160,277,582
"521",1231,2160,277,581
"522",1230,2160,277,582
"523",1229,2162,278,580
"524",1231,2160,277,581
"525",1230,2159,277,583
"526",1231,2160,277,581
"527",1230,2163,276,580
"528",1230,2162,277,580
"529",1231,2159,277,582
"530",1229,2163,276,580
"531",1229,2160,277,583
"532",1229,2161,278,581
"533",1231,2158,277,583
"534",1230,2162,276,581
"535",1231,2161,277,580
"536",1230,2161,276,582
"537",1231,2161,277,580
"538",1231,2160,277,581
"539",1230,2163,276,580
"540",1230,2160,276,583
"541",1230,2164,275,580
"542",1231,2159,277,582
"543",1231,2160,277,581
"544",1230,2161,276,582
"545",1230,2160,277,582
"546",1230,2161,277,581
"547",1231,2159,277,582
"548",1230,2161,276,582
"549",1231,2159,277,582
"550",1231,2159,277,582
"551",1230,2160,277,582
"552",1230,2160,277,582
"553",1231,2159,277,582
"554",1231,2158,277,581
"555",1230,2161,276,582
"556",1230,2160,276,583
"557",1230,2164,276,579
"558",1228,2158,277,583
"559",1230,2159,278,582
"560",1231,2160,277,581
"561",1230,2160,276,583
"562",1230,2159,277,583
"563",1231,2160,277,581
"564",1230,2159,277,583
"565",1231,2159,277,582
"566",1230,2159,277,583
"567",1231,2159,276,583
"568",1231,2158,277,583
"569",1230,2160,277,582
"570",1230,2160,276,583
"571",1231,2158,277,583
"572",1230,2160,276,583
"573",1229,2161,278,581
"574",1231,2160,277,581
"575",1231,2158,277,583
"576",1231,2160,277,581
"577",1231,2160,277,581
"578",1230,2159,277,583
"579",1231,2165,274,579
"580",1231,2159,277,582
"581",1230,2159,277,583
"582",1231,2158,277,582
"583",1231,2160,277,581
"584",1230,2159,277,583
"585",1231,2159,277,582
"586",1231,2163,276,579
"587",1231,2160,277,581
"588",1231,2158,277,583
"589",1231,2160,277,581
"590",1230,2160,277,582
"591",1229,2161,278,581
"592",1231,2161,277,580
"593",1230,2159,277,583
"594",1231,2158,277,583
"595",1231,2161,277,580
"596",1228,2162,278,581
"597",1231,2158,277,583
"598",1230,2164,275,580
"599",1230,2159,277,583
"600",1231,2160,277,581
"601",1229,2163,276,580
"602",1230,2159,277,583
"603",1229,2161,278,581
"604",1231,2160,277,581
"605",1231,2163,276,579
"606",1231,2159,277,582
"607",1231,2160,277,581
"608",1230,2160,276,583
"609",1231,2158,277,583
"610",1230,2160,277,582
"611",1231,2159,276,583
"612",1229,2160,278,582
"613",1231,2160,277,581
"614",1231,2160,277,581
"615",1231,2159,277,582
"616",1231,2160,277,581
"617",1230,2159,277,583
"618",1233,2159,277,580
"619",1231,2160,277,581
"620",1229,2160,277,583
"621",1231,2160,277,581
"622",1229,2160,277,583
"623",1231,2158,277,583
"624",1231,2161,277,580
"625",1230,2159,277,583
"626",1231,2163,276,579
"627",1231,2160,277,581
"628",1229,2163,276,580
"629",1229,2158,277,583
"630",1229,2161,278,581
"631",1231,2160,277,581
"632",1231,2161,277,580
"633",1230,2163,276,580
"634",1231,2160,277,581
"635",1231,2160,277,581
"636",1230,2161,276,582
"637",1230,2160,277,582
"638",1230,2160,277,582
"639",1231,2161,276,581
"640",1229,2162,278,580
"641",1231,2160,277,581
"642",1229,2159,278,583
"643",1231,2159,277,582
"644",1231,2164,274,580
"645",1231,2160,277,581
"646",1230,2163,276,580
"647",1231,2161,277,580
"648",1231,2160,277,581
"649",1231,2160,277,581
"650",1231,2159,277,582
"651",1231,2164,274,580
"652",1229,2160,277,583
"653",1230,2163,276,580
"654",1229,2161,278,581
"655",1230,2159,277,583
"656",1231,2160,277,581
"657",1231,2158,277,583
"658",1231,2158,277,583
"659",1231,2160,277,581
"660",1231,2160,277,581
"661",1232,2158,276,583
"662",1229,2161,278,581
"663",1229,2161,278,581
"664",1230,2159,277,583
"665",1230,2158,277,584
"666",1229,2160,278,582
"667",1230,2162,276,581
"668",1229,2163,276,581
"669",1230,2159,278,582
"670",1230,2159,277,583
"671",1231,2159,277,582
"672",1229,2161,277,582
"673",1230,2159,277,583
"674",1231,2159,277,582
"675",1229,2163,276,580
"676",1231,2158,277,583
"677",1229,2160,278,582
"678",1229,2160,277,583
"679",1230,2159,277,583
"680",1230,2163,275,581
"681",1231,2158,277,583
"682",1230,2160,277,582
"683",1231,2160,277,581
"684",1230,2159,277,583
"685",1229,2161,278,581
"686",1230,2160,277,582
"687",1230,2161,277,581
"688",1229,2163,276,580
"689",1230,2159,277,583
"690",1231,2164,274,580
"691",1231,2163,276,579
"692",1229,2160,278,582
"693",1231,2159,277,582
"694",1231,2162,277,579
"695",1231,2159,277,582
"696",1229,2160,278,582
"697",1231,2160,277,581
"698",1231,2160,277,581
"699",1230,2160,277,582
"700",1230,2162,276,581
"701",1231,2160,277,581
"702",1231,2160,277,581
"703",1229,2162,278,580
"704",1231,2164,274,580
"705",1231,2158,277,583
"706",1231,2160,277,581
"707",1231,2159,277,582
"708",1230,2162,275,582
"709",1231,2161,277,580
"710",1229,2158,277,583
"711",1230,2160,277,582
"712",1231,2160,277,581
"713",1230,2163,276,580
"714",1230,2160,278,581
"715",1230,2161,277,581
"716",1230,2159,277,583
"717",1231,2158,277,583
"718",1231,2160,277,581
"719",1231,2158,277,583
"720",1230,2164,276,579
"721",1230,2160,276,583
"722",1232,2158,277,582
"723",1231,2161,276,581
"724",1230,2163,276,579
"725",1230,2160,276,583
"726",1231,2158,277,583
"727",1231,2161,277,580
"728",1231,2160,277,581
"729",1229,2161,277,582
"730",1231,2161,277,580
"731",1230,2159,277,583
"732",1231,2158,277,583
"733",1229,2159,278,583
"734",1231,2158,277,583
"735",1231,2162,277,579
"736",1230,2159,277,583
"737",1230,2159,277,583
"738",1229,2162,276,582
"739",1229,2163,276,580
"740",1230,2160,278,581
"741",1230,2164,276,579
"742",1231,2160,277,581
"743",1230,2159,277,583
"744",1231,2158,277,583
"745",1231,2158,277,583
"746",1231,2161,277,580
"747",1230,2160,277,582
"748",1229,2163,276,580
"749",1230,2162,277,580
"750",1230,2164,276,579
"751",1231,2159,277,582
"752",1229,2160,278,582
"753",1230,2163,276,580
"754",1230,2162,276,581
"755",1230,2163,276,580
"756",1231,2160,277,581
"757",1231,2162,277,579
"758",1230,2160,277,582
"759",1229,2163,276,581
"760",1230,2159,277,583
"761",1231,2161,277,580
"762",1229,2162,278,580
"763",1231,2160,277,581
"764",1229,2163,276,580
"765",1230,2159,276,584
"766",1231,2159,277,582
"767",1229,2160,277,583
"768",1232,2157,277,583
"769",1229,2161,278,581
"770",1229,2160,278,582
"771",1231,2160,277,581
"772",1231,2160,277,581
"773",1231,2161,277,580
"774",1230,2162,276,581
"775",1227,2163,278,581
"776",1231,2159,277,582
"777",1230,2159,277,583
"778",1230,2159,277,583
"779",1231,2162,277,579
"780",1231,2160,277,581
"781",1230,2159,277,583
"782",1229,2160,278,582
"783",1231,2160,277,581
"784",1231,2158,277,583
"785",1230,2162,276,581
"786",1229,2163,276,580
"787",1229,2163,276,580
"788",1229,2160,277,583
"789",1230,2160,277,582
"790",1230,2160,276,583
"791",1231,2160,277,581
"792",1230,2159,277,583
"793",1228,2160,277,582
"794",1230,2159,277,583
"795",1230,2161,276,582
"796",1230,2162,276,581
"797",1229,2162,278,580
"798",1229,2163,276,580
"799",1230,2160,276,583
"800",1230,2162,276,581
"801",1231,2161,277,580
"802",1231,2160,277,581
"803",1229,2160,278,582
"804",1231,2159,277,582
"805",1230,2160,276,583
"806",1230,2160,276,583
"807",1230,2159,277,583
"808",1229,2161,278,581
"809",1231,2162,277,579
"810",1229,2160,278,582
"811",1229,2160,278,582
"812",1229,2160,278,582
"813",1229,2161,278,581
"814",1230,2164,276,579
"815",1230,2160,278,581
"816",1229,2159,278,583
"817",1230,2159,277,583
"818",1230,2164,276,579
"819",1230,2159,277,583
"820",1230,2159,277,583
"821",1230,2160,276,583
"822",1230,2160,277,582
"823",1230,2161,276,582
"824",1230,2159,277,583
"825",1230,2159,277,583
"826",1229,2160,278,582
"827",1230,2160,277,582
"828",1230,2164,276,579
"829",1230,2159,277,583
"830",1230,2162,276,581
"831",1229,2160,277,583
"832",1230,2161,276,582
"833",1230,2159,277,583
"834",1230,2160,276,583
"835",1231,2161,277,580
"836",1229,2161,278,581
"837",1231,2160,277,581
"838",1229,2162,277,581
"839",1230,2160,277,582
"840",1230,2159,277,583
"841",1230,2159,277,583
"842",1230,2159,277,583
"843",1230,2162,276,581
"844",1231,2157,277,584
"845",1229,2161,278,581
"846",1230,2164,276,579
"847",1230,2159,277,583
"848",1229,2160,278,582
"849",1230,2159,277,583
"850",1230,2160,277,582
"851",1231,2160,277,581
"852",1227,2163,278,581
"853",1231,2162,277,579
"854",1231,2158,277,583
"855",1230,2161,276,582
"856",1230,2159,277,583
"857",1230,2160,276,583
"858",1230,2164,276,579
"859",1229,2163,276,581
"860",1230,2164,276,579
"861",1231,2158,277,583
"862",1230,2163,276,580
"863",1230,2161,276,582
"864",1229,2160,278,582
"865",1229,2160,277,583
"866",1230,2164,276,579
"867",1232,2157,276,584
"868",1229,2159,278,583
"869",1230,2164,275,580
"870",1230,2160,277,582
"871",1230,2160,277,582
"872",1229,2160,277,583
"873",1230,2159,277,583
"874",1229,2163,276,581
"875",1230,2159,277,583
"876",1229,2161,278,581
"877",1230,2160,278,581
"878",1230,2164,276,579
"879",1230,2160,277,582
"880",1230,2160,277,582
"881",1231,2158,277,582
"882",1230,2159,277,583
"883",1230,2161,276,582
"884",1230,2162,276,581
"885",1230,2160,277,582
"886",1230,2164,276,579
"887",1230,2159,277,583
"888",1229,2162,278,580
"889",1230,2160,276,583
"890",1230,2160,276,583
"891",1230,2160,276,583
"892",1231,2159,277,582
"893",1229,2160,277,583
"894",1230,2162,276,581
"895",1230,2159,277,583
"896",1231,2162,277,579
"897",1230,2160,276,583
"898",1230,2160,276,583
"899",1231,2162,277,579
"900",1230,2158,277,584
"901",1230,2161,276,582
"902",1230,2159,277,583
"903",1230,2160,276,583
"904",1230,2160,276,583
"905",1230,2162,276,581
"906",1231,2162,277,579
"907",1229,2161,278,581
"908",1230,2160,276,583
"909",1230,2162,276,581
"910",1230,2159,277,583
"911",1230,2162,275,582
"912",1230,2161,276,582
"913",1230,2160,277,582
"914",1229,2165,274,581
"915",1230,2160,277,582
"916",1229,2162,277,581
"917",1229,2162,277,581
"918",1230,2160,277,582
"919",1231,2159,276,583
"920",1230,2159,277,583
"921",1230,2162,276,581
"922",1230,2161,277,581
"923",1230,2161,277,581
"924",1230,2160,277,582
"925",1230,2160,277,582
"926",1229,2162,276,582
"927",1230,2158,277,582
"928",1230,2159,277,583
"929",1231,2162,276,580
"930",1230,2162,276,581
"931",1230,2161,277,581
"932",1230,2160,277,582
"933",1231,2161,275,582
"934",1231,2161,276,581
"935",1230,2161,277,581
"936",1231,2161,276,581
"937",1230,2161,277,581
"938",1230,2162,277,580
"939",1229,2161,277,582
"940",1230,2160,277,582
"941",1230,2162,275,582
"942",1230,2161,276,582
"943",1230,2163,277,579
"944",1230,2159,278,582
"945",1230,2161,276,582
"946",1225,2160,278,580
"947",1230,2160,278,581
"948",1230,2161,277,581
"949",1230,2161,276,582
"950",1230,2160,277,582
"951",1230,2161,277,581
"952",1229,2162,277,581
"953",1230,2161,276,582
"954",1230,2161,276,582
"955",1230,2161,277,581
"956",1230,2161,277,581
"957",1229,2160,278,582
"958",1230,2162,277,580
"959",1230,2162,277,580
"960",1230,2162,277,580
"961",1230,2162,277,580
"962",1230,2162,277,580
"963",1230,2162,277,580
"964",1230,2161,277,581
"965",1227,2163,279,580
"966",1230,2162,277,580
"967",1230,2162,277,580
"968",1230,2163,276,580
"969",1230,2160,276,583
"970",1230,2160,277,582
"971",1230,2161,277,581
"972",1230,2159,277,583
"973",1230,2160,277,582
"974",1230,2161,276,582
"975",1231,2161,277,580
"976",1230,2160,277,582
"977",1230,2162,276,581
"978",1230,2161,277,581
"979",1230,2161,277,581
"980",1230,2161,276,582
"981",1230,2161,276,582
"982",1230,2161,276,582
"983",1230,2161,276,582
"984",1230,2161,276,582
"985",1230,2161,276,582
"986",1230,2161,276,582
"987",1230,2161,277,580
"988",1230,2162,277,580
"989",1230,2162,277,580
"990",1230,2161,277,581
"991",1230,2162,277,580
"992",1230,2164,277,578
"993",1230,2164,277,578
"994",1230,2161,276,582
"995",1230,2161,276,582
"996",1229,2160,278,582
"997",1229,2161,278,581
"998",1231,2161,276,581
"999",1230,2160,277,582
"1000",1230,2161,277,581
