"","NucSubst","2020-05-31","2020-07-27","2020-09-09","2020-10-11","2020-11-07","2020-11-16","2020-11-24","2020-12-09","2020-12-20","2020-12-27","2021-01-07","2021-01-18","2021-01-29","2021-02-10"
"1","A>C","0.00303197160426443","0.00149917991917175","0.00575194379729005","0.00549999688643425","0.0014589415146701","0.00583435131279359","0.0046594902993395","0.00445467305718681","0.00754975761394059","0.00302538319064489","0.0078696054708114","0.0081262546705439","0.00809488486734066","0.00326547647331522"
"2","A>G","0.0427115568443568","0.0339740965504137","0.0325873318176592","0.045476669170767","0.0509336939424312","0.0384143489267814","0.0285384806469561","0.0372881531327694","0.0360678327920228","0.0481777122886208","0.0520558032144735","0.0288676119305685","0.0287561742090199","0.0540011190290533"
"3","A>T","0.0104271842482634","0.0240603785153303","0.0214298266564501","0.00945745679462558","0.0133797664503271","0.0183927189006417","0.0231462784156086","0.00851109127724949","0.013847572725209","0.00346817539518772","0.0324770163770183","0.0204943322549117","0.0167033601228039","0.0205887467621785"
"4","C>A","0.0308149954950455","0.0169296595986014","0.0162386197402187","0.00621093398397049","0.0230653679805089","0.0263540300776756","0.0210471294771301","0.0134146404563012","0.0341025983129703","0.0170822417369509","0.0106642096862984","0.0220239970332355","0.00731299257901798","0.00737515283035681"
"5","C>G","0.00414161069654677","0","0","0.00751288234487152","0","0.00796960359737269","0.00424317845128855","0","0","0.00413261105938606","0.0128996625758661","0.00444011853132811","0.00442297832957789","0.00446057353313677"
"6","C>T","0.391151570227994","0.396806890941495","0.381979010167042","0.32728274885593","0.35004112940001","0.366620854350035","0.412574150037923","0.414231244940443","0.411158895492616","0.391741833020988","0.4195866294138","0.439460066949797","0.471674884234243","0.429048411841213"
"7","G>A","0.0734403568127597","0.05706345328904","0.0447825439277588","0.0499578063215559","0.0706769055855419","0.0504712654371154","0.0510566564900422","0.0539505017698468","0.0548610243154464","0.0942181359262858","0.068077653419968","0.0871693346487723","0.0840317754455168","0.0649719666099769"
"8","G>C","0.0261056038850927","0.0344216039203333","0.00825414317481153","0","0.0167488592658878","0.00837239944705939","0.0178305404956674","0","0.00866723076257439","0.0260488769302818","0.0090344207210037","0.00932905770842224","0.0185860894427027","0.018744070731304"
"9","G>T","0.365478454391297","0.378637643123666","0.437469588265011","0.497233473027183","0.418721481647196","0.41861997235297","0.374441350409016","0.417645701426503","0.381358153553273","0.364684277023945","0.343307987398141","0.317187962086356","0.306670475804595","0.337393273163471"
"10","T>A","0.00597377304929423","0.010830506727102","0.0084996195517576","0.00361214169741035","0.00670715367958623","0.0153269204251827","0.00816036301908281","0.0107272796048736","0.00594999484816135","0.00397386144000444","0.0051683902100744","0.00747172362520889","0.007442880509996","0.00965075760700966"
"11","T>C","0.0433751207653767","0.041362335430619","0.0377147857274111","0.0416829776884806","0.0407490991179709","0.0382551216380312","0.0497291788160013","0.0354045352231428","0.0375450028384783","0.0412198738057016","0.0353828790962703","0.0470549836642677","0.0391530228223688","0.044491067631287"
"12","T>G","0.00334780197970864","0.00441425198422792","0.0052925871745898","0.00607291322877115","0.00751760141586956","0.00536841353434132","0.00457320344194433","0.00437217911168335","0.0088919367453078","0.00222701818200249","0.00347574241627503","0.00837455689658829","0.00715048163281758","0.00600938378769814"
