"","NucSubst","ORF1ab","S","ORF6","N","M","ORF8","ORF7b","ORF3a","ORF10","ORF7a","E"
"1","AAA>AGA","0.00187293543628251","0.00230074020921014","0.0115830115830116","0.00360666669289706","0.03409396530801","0","0","0.00214113262380518","0","0.0107020002548095","0"
"2","AAC>AGC","0.00283050781797888","0.0019056636076286","0","0.0040394666960447","0.00757643673511334","0.00533570475767008","0","0","0","0","0"
"3","AAG>ACG","0.000717455106640479","0","0","0","0","0","0","0","0","0","0"
"4","AAG>AGG","0.00359943578924715","0.00116457220466192","0","0.00229515153184358","0","0","0","0","0","0.0128424003057714","0.0381194409148666"
"5","AAT>AGT","0.00388967396657979","0.00505986544094491","0.0115830115830116","0","0","0","0","0.0112409462749772","0","0","0"
"6","ACA>ATA","0.031061585793376","0.0293472195574805","0.208494208494208","0.0614335560023465","0.0791316725667393","0","0","0.011990342693309","0.1","0.0428080010192381","0"
"7","ACC>ATC","0.0190804277009252","0.0134757640825166","0","0.0115413334172706","0.01136465510267","0.136060471320587","0","0.0337228388249316","0","0.0214040005096191","0"
"8","ACG>AAG","0.00191321361770794","0","0","0","0","0","0","0","0","0","0"
"9","ACG>ATG","0.0438025223001556","0.0340637369863613","0","0.040394666960447","0.0681879306160201","0.0320142285460205","0.33201581027668","0","0","0.0784813352019366","0"
"10","ACT>ATT","0.0244789980755745","0.0225344721602082","0.0540540540540541","0.0454440003305029","0.0643997122484634","0.0160071142730102","0","0.0334346094332655","0.0375","0.0342464008153905","0"
"11","AGA>AAA","0.00453832067456303","0.0022065578614647","0","0.0056103704111732","0","0","0","0","0","0","0.0762388818297332"
"12","AGC>AAC","0.00324414483002651","0.0104811498419573","0","0.00504933337005588","0","0","0","0","0","0","0"
"13","AGG>AAG","0.00560919447009829","0.00564369606874625","0","0.00432800003147647","0","0","0","0.00749396418331814","0","0.0107020002548095","0"
"14","AGT>AAT","0.00284140636293259","0.00123307645199498","0","0","0","0","0","0","0","0","0"
"15","ATA>ACA","0.00633752010865757","0.00911404334083245","0.0231660231660232","0.00865600006295293","0.00757643673511334","0.0106714095153402","0","0.00749396418331814","0","0","0"
"16","ATC>ACC","0.00874611939523632","0.00546842600449947","0.0115830115830116","0.0117817778634637","0.0303057469404534","0","0","0.0299758567332725","0.025","0.0428080010192381","0.0190597204574333"
"17","ATG>ACG","0.00391413903450852","0.00289135168053995","0.0231660231660232","0.00699138466623121","0","0.00960426856380614","0","0.00272507788484296","0","0","0"
"18","ATT>ACT","0.00327979477321362","0.0045418315981815","0.0926640926640927","0.00466092311082081","0.00505095782340889","0.00533570475767008","0.0237154150197628","0.0133226029925656","0.025","0","0"
"19","CAA>CCA","0.000142599772748418","0","0","0.000721333338579411","0","0","0","0.00187349104582953","0","0","0"
"20","CAA>CGA","0.00171119727298102","0.000911404334083245","0","0.00144266667715882","0","0","0","0.00187349104582953","0","0","0"
"21","CAA>CTA","0.00128339795473576","0.00227851083520811","0","0.00360666669289706","0","0","0","0.00374698209165907","0","0","0"
"22","CAC>CCC","0.000390451758715907","0.00127044240508574","0","0","0","0","0","0","0","0","0"
"23","CAC>CGC","0.00179607809009317","0.00222327420890004","0","0.00144266667715882","0","0","0","0","0","0.00305771435851701","0"
"24","CAC>CTC","0.000234271055229544","0.000635221202542868","0","0.00432800003147647","0","0","0","0","0","0.00305771435851701","0"
"25","CAG>CCG","0.000422920904967019","0.000213901017182802","0","0","0","0","0","0","0","0","0"
"26","CAG>CGG","0.00368470770817826","0.00268747431845059","0","0.00100986667401118","0","0","0","0","0","0","0"
"27","CAG>CTG","0.00120461598151982","0.00322496918214071","0","0.00908880006610058","0.00757643673511334","0.0160071142730102","0","0.00749396418331814","0","0.00713466683653969","0"
"28","CAT>CCT","0.000648023967288175","0.000911404334083245","0","0","0","0","0","0","0","0","0"
"29","CAT>CGT","0.0025920958691527","0.0041013195033746","0","0.00201973334802235","0","0","0.0474308300395257","0.0149879283666363","0.025","0","0"
"30","CAT>CTT","0.00129604793457635","0.00318991516929136","0","0","0.00757643673511334","0.0106714095153402","0","0","0","0.0107020002548095","0"
"31","CCA>CAA","0.00084406483134174","0.00238207950953575","0","0.00252466668502794","0","0","0","0.00749396418331814","0","0.0214040005096191","0"
"32","CCA>CGA","0","0.00142924770572145","0","0","0","0","0","0.00374698209165907","0","0","0"
"33","CCA>CTA","0.0244778801089105","0.0214387155858218","0","0.0151480001101676","0.018183448164272","0.0160071142730102","0","0.0524577492832269","0","0.214040005096191","0.0381194409148666"
"34","CCC>CAC","0.000717455106640479","0","0","0.00168311112335196","0","0","0","0.00749396418331814","0","0","0"
"35","CCC>CGC","0","0.00262028746048933","0","0","0","0","0","0","0","0","0"
"36","CCC>CTC","0.0401774859718668","0.0314434495258719","0","0.0387115558370951","0","0","0","0","0","0","0"
"37","CCG>CAG","0.00149729761385839","0","0","0","0","0","0","0","0","0","0"
"38","CCG>CGG","0","0","0","0","0","0","0","0","0","0","0"
"39","CCG>CTG","0.0448238619005861","0.0366840244468506","0","0.0100986667401118","0.04545862041068","0","0","0.0449637850999088","0","0","0"
"40","CCT>CAT","0.00322225451403443","0","0","0","0","0.0160071142730102","0.0237154150197628","0.00749396418331814","0","0","0"
"41","CCT>CGT","0.000201390907127152","0","0","0","0","0","0","0","0","0","0"
"42","CCT>CTT","0.0286982042656192","0.00943303485776159","0","0.0056103704111732","0.0303057469404534","0","0","0.0299758567332725","0","0","0"
"43","CGA>CAA","0.00983938431964086","0.00524057492097866","0","0","0","0","0","0.00599517134665451","0.025","0","0"
"44","CGA>CCA","0.00327979477321362","0","0","0","0","0","0","0.00299758567332725","0","0","0"
"45","CGA>CTA","0.0409974346651703","0.0104811498419573","0","0","0","0","0","0.0419661994265816","0","0","0"
"46","CGC>CAC","0.00994871081208131","0.00524057492097866","0","0.0100986667401118","0.0151528734702267","0","0","0","0","0","0"
"47","CGC>CCC","0","0.00524057492097866","0","0.00252466668502794","0","0","0","0","0","0","0"
"48","CGC>CTC","0.0221932779654122","0","0","0.0959373340310617","0.0393974710225894","0","0","0","0","0","0"
"49","CGG>CAG","0.00883021669711359","0.0104811498419573","0","0.0201973334802235","0","0","0","0","0","0.0214040005096191","0.0762388818297332"
"50","CGG>CCG","0","0.00524057492097866","0","0","0","0","0","0","0","0","0"
"51","CGG>CTG","0.0397359751370112","0.0890897736566372","0","0.0504933337005588","0","0","0","0","0","0","0.0762388818297332"
"52","CGT>CAT","0.00746153310906099","0.0104811498419573","0","0.0277713335353073","0","0.0160071142730102","0","0","0.025","0","0"
"53","CGT>CCT","0.0034437845118743","0","0","0.00757400005508382","0","0","0","0","0","0","0"
"54","CGT>CTT","0.0338638810334306","0.0838491987356585","0","0.0277713335353073","0","0.0320142285460205","0","0","0.025","0","0.0190597204574333"
"55","CTA>CAA","0.000389862397570676","0.000218357288374111","0","0.00252466668502794","0","0","0","0","0","0","0"
"56","CTA>CCA","0.00164608567863174","0.00349371661398577","0","0.00378700002754191","0.00505095782340889","0.00320142285460205","0","0.00249798806110604","0","0.0107020002548095","0.0381194409148666"
"57","CTA>CGA","8.6636088349039e-05","0.000218357288374111","0","0","0","0","0","0","0","0","0"
"58","CTC>CAC","0.000465376285388419","0.00165491839609852","0","0.00084155556167598","0","0","0","0","0","0","0"
"59","CTC>CCC","0.00325763399771893","0.0044131157229294","0.0231660231660232","0.00504933337005588","0","0","0","0.00749396418331814","0.05","0.0214040005096191","0.0381194409148666"
"60","CTC>CGC","0.000775627142314032","0.000551639465366175","0","0.00084155556167598","0","0.0160071142730102","0","0","0","0","0.0762388818297332"
"61","CTG>CAG","0.000938826013150367","0.000232914440932385","0","0.000878144933922761","0","0.0106714095153402","0","0.00599517134665451","0","0","0"
"62","CTG>CCG","0.00230439112318726","0.00232914440932385","0","0.000878144933922761","0.00505095782340889","0","0","0.00299758567332725","0","0.0214040005096191","0"
"63","CTG>CGG","0.00055476082595249","0.000698743322797154","0","0","0","0","0","0","0","0","0"
"64","CTT>CAT","0.000501826522677494","0.000262028746048933","0","0","0","0.00800355713650511","0","0.00124899403055302","0","0.00356733341826984","0"
"65","CTT>CCT","0.00172909682604567","0.00326080217305339","0","0.0040394666960447","0.00505095782340889","0.00533570475767008","0.0474308300395257","0.00321169893570777","0","0.00305771435851701","0.00762388818297332"
"66","CTT>CGT","0.000815468099350927","0.000786086238146799","0","0","0.00378821836755667","0","0","0","0","0","0"
"67","GAA>GCA","0","0.000952831803814302","0","0.00100986667401118","0","0","0","0","0","0","0"
"68","GAA>GGA","0.00355311100431476","0.00224596068041942","0","0.00168311112335196","0","0.00800355713650511","0","0","0.025","0.0214040005096191","0"
"69","GAA>GTA","0.000765285447083178","0.000952831803814302","0","0","0.00757643673511334","0.0160071142730102","0","0","0","0","0"
"70","GAC>GCC","0.000819948693303405","0","0","0","0","0","0","0","0","0","0"
"71","GAC>GGC","0.00194931198785338","0.00262028746048933","0","0.00126233334251397","0","0","0","0","0","0.0214040005096191","0"
"72","GAC>GTC","0.000819948693303405","0","0","0","0","0","0","0","0","0","0"
"73","GAG>GCG","0.000433180441745195","0.00299461424055923","0.0231660231660232","0.00252466668502794","0","0","0","0.00599517134665451","0","0","0"
"74","GAG>GGG","0.00290808469891608","0.00224596068041942","0","0.0100986667401118","0","0","0","0","0","0.0214040005096191","0"
"75","GAG>GTG","0.00035872755332024","0.00349371661398577","0","0.00336622224670392","0","0","0","0","0","0","0"
"76","GAT>GCT","0","0","0","0.0100986667401118","0","0","0","0.0149879283666363","0","0","0"
"77","GAT>GGT","0.00532966650647213","0.00628868990517439","0","0.00336622224670392","0","0","0","0.00749396418331814","0","0","0.0381194409148666"
"78","GAT>GTT","0","0","0","0","0","0","0","0","0","0","0"
"79","GCA>GAA","0.000604172721381456","0.00149730712027962","0","0","0","0","0","0","0","0","0"
"80","GCA>GGA","0.000302086360690728","0","0","0","0","0","0","0","0","0","0"
"81","GCA>GTA","0.0194965578185476","0.0076861765507687","0","0.0170082808254514","0.0151528734702267","0","0","0","0.525","0.0214040005096191","0"
"82","GCC>GAC","0","0","0","0","0","0","0","0","0","0","0"
"83","GCC>GGC","0","0","0","0","0","0","0","0","0","0","0"
"84","GCC>GTC","0.0260892766051083","0.0104811498419573","0","0.00504933337005588","0","0","0","0.0299758567332725","0","0","0"
"85","GCG>GAG","0.000675251865073392","0","0","0","0","0","0","0.00749396418331814","0","0","0"
"86","GCG>GGG","0","0","0","0","0","0","0","0","0","0","0"
"87","GCG>GTG","0.0200887429859334","0.0471651742888079","0","0.00252466668502794","0","0.0160071142730102","0","0.0262288746416135","0","0.0642120015288572","0"
"88","GCT>GAT","0","0","0","0.00504933337005588","0","0","0","0","0","0","0"
"89","GCT>GGT","0.000918342536499814","0","0","0","0","0","0","0","0","0","0"
"90","GCT>GTT","0.0215236531992144","0.00644993836428143","0","0.0151480001101676","0.00303057469404534","0","0.0474308300395257","0.0224818925499544","0","0","0.0190597204574333"
"91","GGA>GAA","0","0.00628868990517439","0.0231660231660232","0","0.00757643673511334","0","0","0","0","0","0"
"92","GGA>GCA","0","0","0","0","0","0","0","0","0","0","0"
"93","GGA>GTA","0","0.0104811498419573","0","0","0","0","0","0","0","0","0"
"94","GGC>GAC","0.00573964085312383","0.00524057492097866","0","0.0100986667401118","0","0","0","0","0","0","0"
"95","GGC>GCC","0","0","0","0","0","0","0","0","0","0","0"
"96","GGC>GTC","0.034437845118743","0.0890897736566372","0","0.0100986667401118","0","0","0","0","0","0","0"
"97","GGG>GAG","0.0100443714929667","0.0174685830699289","0","0.0235635557269274","0","0","0","0","0","0","0"
"98","GGG>GCG","0","0","0","0","0","0","0","0","0","0","0"
"99","GGG>GTG","0.0114792817062477","0.0314434495258719","0","0.0100986667401118","0","0","0","0","0","0","0"
"100","GGT>GAT","0.00382642723541589","0.00419245993678293","0","0","0.0151528734702267","0","0","0","0","0","0"
"101","GGT>GCT","0","0","0","0","0","0","0","0","0","0","0"
"102","GGT>GTT","0.0200887429859334","0","0","0","0","0","0","0","0","0","0"
"103","GTA>GAA","0.000119575851106747","0","0","0","0","0","0","0","0","0","0"
"104","GTA>GCA","0.00177655550215738","0.00349371661398577","0","0","0.00378821836755667","0.00400177856825256","0","0","0","0","0"
"105","GTA>GGA","0","0.000952831803814302","0","0","0","0","0","0","0","0","0"
"106","GTC>GAC","0","0","0","0","0","0","0","0","0","0","0"
"107","GTC>GCC","0.00218652984880908","0","0","0","0","0.0160071142730102","0","0","0","0","0"
"108","GTC>GGC","0","0","0","0","0","0","0","0","0","0","0"
"109","GTG>GAG","8.89866798933928e-05","0.000655071865122332","0","0.00126233334251397","0","0","0","0","0","0","0"
"110","GTG>GCG","0.00164608567863174","0.00257084807444236","0","0","0.00216469621003238","0.0160071142730102","0","0.00428226524761036","0","0.0214040005096191","0"
"111","GTG>GGG","0.000177973359786786","0","0","0","0","0","0","0.00299758567332725","0","0","0"
"112","GTT>GAT","0","0","0","0","0","0","0","0","0","0","0"
"113","GTT>GCT","0.00176102617084481","0.00279497329118862","0","0.00252466668502794","0.00252547891170445","0","0","0","0","0","0"
"114","GTT>GGT","0.00047175130299648","0","0","0","0","0","0","0","0","0","0"
"115","TAA>TCA","0.000141719527237626","0","0","0","0","0","0","0","0","0","0"
"116","TAA>TGA","0.00209717646556448","0.00131014373024466","0","0","0.00252547891170445","0","0","0","0","0","0.0127064803049555"
"117","TAA>TTA","0.000283439054475251","0","0","0","0.00606114938809067","0","0","0.00149879283666363","0","0","0"
"118","TAC>TCC","0","0.000952831803814302","0","0","0","0","0","0.00499597612221209","0","0","0"
"119","TAC>TGC","0.00259531586402121","0.000616538225997489","0","0","0","0","0","0","0","0.0107020002548095","0"
"120","TAC>TTC","0.000127547574513863","0","0","0","0","0","0","0","0","0","0"
"121","TAG>TCG","0.000124774801154866","0","0","0","0","0","0","0","0","0","0.00952986022871665"
"122","TAG>TGG","0.00490838252267142","0.00123307645199498","0","0","0.00757643673511334","0","0.0948616600790514","0.00749396418331814","0.0125","0","0"
"123","TAG>TTG","0.000940924730020301","0.000616538225997489","0","0","0.00252547891170445","0.00400177856825256","0","0","0","0","0"
"124","TAT>TCT","0","0","0","0","0","0","0","0","0","0","0"
"125","TAT>TGT","0.005518885435696","0.00349371661398577","0","0","0","0","0.0474308300395257","0.0299758567332725","0","0","0.1143583227446"
"126","TAT>TTT","0.000302086360690728","0.00209622996839146","0","0","0","0","0","0.0149879283666363","0","0","0"
"127","TCA>TAA","0.000810302238088071","0.000911404334083245","0.0115830115830116","0.00252466668502794","0","0.00800355713650511","0","0.00749396418331814","0","0","0"
"128","TCA>TGA","0","0","0","0","0.0151528734702267","0","0","0","0","0","0"
"129","TCA>TTA","0.028797163590673","0.0184961467799247","0.173745173745174","0.0252466668502794","0.0700820397997984","0.298799466429524","0","0.0556694482189347","0.025","0.0856160020384762","0"
"130","TCC>TAC","0.000499099204619464","0.00116457220466192","0","0","0.00505095782340889","0","0","0","0","0","0"
"131","TCC>TGC","0","0","0","0","0","0","0","0","0","0","0"
"132","TCC>TTC","0.0282566934307635","0.0217685419794498","0","0.0201973334802235","0.0883917619096556","0","0.0474308300395257","0.0149879283666363","0","0","0"
"133","TCG>TAG","0.00101287779761009","0","0","0.00504933337005588","0","0","0","0","0","0","0"
"134","TCG>TGG","0","0","0","0","0","0","0","0","0","0","0"
"135","TCG>TTG","0.0481492093789833","0.00524057492097866","0.231660231660232","0.104352889647821","0.0353567047638623","0.0160071142730102","0","0.114907450810878","0.075","0","0.1715374841169"
"136","TCT>TAT","0.00145768656587272","0.000806242295535178","0","0","0","0.0160071142730102","0","0","0","0","0"
"137","TCT>TGT","0.000510190298055452","0.00104811498419573","0","0","0","0","0","0","0","0","0"
"138","TCT>TTT","0.0339120764909759","0.0314434495258719","0","0.0454440003305029","0.027275172246408","0.0120053357047577","0.130434782608696","0.0727985092093762","0","0.00713466683653969","0.0381194409148666"
"139","TGA>TAA","0.00248717770302033","0.00349371661398577","0","0.0040394666960447","0.00505095782340889","0","0","0","0","0.0107020002548095","0"
"140","TGA>TCA","0.00111089822963687","0","0","0","0.0151528734702267","0","0","0","0","0","0"
"141","TGA>TTA","0.0251803598717691","0.015721724762936","0","0.0454440003305029","0.04545862041068","0","0","0","0","0.0535100012740476","0.0381194409148666"
"142","TGC>TAC","0.00229585634124953","0.00262028746048933","0","0.00288533335431764","0","0.0160071142730102","0.0237154150197628","0","0","0","0.0381194409148666"
"143","TGC>TCC","0","0.00262028746048933","0","0","0.00505095782340889","0","0","0","0","0","0"
"144","TGC>TTC","0.0223543906911139","0.023582587144404","0","0.0100986667401118","0.0202038312936356","0","0.0948616600790514","0.104915498566454","0","0","0"
"145","TGG>TAG","0.00437305969761816","0.00838491987356585","0","0","0.0151528734702267","0.0160071142730102","0","0","0","0.0214040005096191","0"
"146","TGG>TCG","0","0","0","0","0","0","0","0","0","0","0"
"147","TGG>TTG","0.0223026044578526","0.0209622996839146","0","0","0","0.160071142730102","0","0","0","0","0"
"148","TGT>TAT","0.0023291296215575","0.00419245993678293","0","0","0","0","0","0.00499597612221209","0","0","0"
"149","TGT>TCT","0.000370299409878957","0","0","0","0","0","0","0.00749396418331814","0","0","0"
"150","TGT>TTT","0.0192555693137058","0.0244560162979004","0","0","0.0606114938809067","0","0","0.00749396418331814","0","0.0107020002548095","0"
"151","TTA>TAA","0.000526572555332462","0.000924807338996234","0","0.00336622224670392","0","0","0","0","0","0","0"
"152","TTA>TCA","0.00176315764769164","0.00201560573883795","0","0.00673244449340784","0.00757643673511334","0","0.0158102766798419","0.00299758567332725","0","0.0128424003057714","0.00762388818297332"
"153","TTA>TGA","0.000279982480640187","0","0","0","0","0","0","0","0","0","0"
"154","TTC>TAC","0.000327979477321362","0","0","0","0.00432939242006477","0.00533570475767008","0","0","0","0","0.00952986022871665"
"155","TTC>TCC","0.00320352047616214","0.0019056636076286","0.0463320463320463","0.00168311112335196","0.00432939242006477","0.00320142285460205","0","0.00214113262380518","0","0","0"
"156","TTC>TGC","0.00068875690237486","0","0","0.00201973334802235","0","0","0","0.00499597612221209","0","0","0"
"157","TTG>TAG","0.000993877204004127","0.000641703051548407","0","0","0.00137753395183879","0","0.0118577075098814","0","0","0","0"
"158","TTG>TCG","0.00210629022132985","0.0011809746300797","0.0154440154440154","0.00252466668502794","0.00404076625872711","0","0.0118577075098814","0.000832662687035348","0","0.00428080010192381","0"
"159","TTG>TGG","0.00020998686048014","0","0","0","0.00252547891170445","0","0","0","0","0","0"
"160","TTT>TAT","0.000180776089862168","0.000635221202542868","0","0","0","0","0","0.00136253894242148","0","0","0"
"161","TTT>TCT","0.00161887306113749","0.00206446890826432","0.0154440154440154","0.0080789333920894","0.00189410918377833","0.00355713650511338","0","0.0028102365687443","0","0.0133775003185119","0"
"162","TTT>TGT","0.000231904680934296","0.00167698397471317","0","0","0","0","0","0.0016653253740707","0","0.00356733341826984","0"
