"","Aa_Mutation","Count","Group","Aa_parent","Ref_Count","Speed_Mut"
"1","*_TA>E",603,0,"*_TA",10,60.3
"2","*_TA>K",23,0,"*_TA",10,2.3
"3","*_TA>L_TT",14,0,"*_TA",10,1.4
"4","*_TA>Q",445,0,"*_TA",10,44.5
"5","*_TA>S_TC",4,0,"*_TA",10,0.4
"6","*_TA>W",4,0,"*_TA",10,0.4
"7","*_TA>Y",28,0,"*_TA",10,2.8
"12","A>D",545,0,"A",658,0.828267477203647
"13","A>E",313,0,"A",658,0.475683890577508
"14","A>F",6,0,"A",658,0.00911854103343465
"15","A>G",201,0,"A",658,0.305471124620061
"16","A>L_CT",28,0,"A",658,0.0425531914893617
"17","A>L_TT",14,0,"A",658,0.0212765957446809
"18","A>P",84,0,"A",658,0.127659574468085
"19","A>Q",8,0,"A",658,0.0121580547112462
"20","A>S_TC",5159,1,"A",658,7.84042553191489
"21","A>T",2973,0,"A",658,4.51823708206687
"22","A>V",14269,1,"A",658,21.6854103343465
"23","C>*_TG",8,0,"C",296,0.027027027027027
"24","C>A",2,0,"C",296,0.00675675675675676
"25","C>F",865,1,"C",296,2.9222972972973
"26","C>G",2330,0,"C",296,7.87162162162162
"27","C>L_TT",18,0,"C",296,0.0608108108108108
"28","C>N",38,0,"C",296,0.128378378378378
"29","C>R_CG",2174,0,"C",296,7.34459459459459
"30","C>S_AG",225,0,"C",296,0.760135135135135
"31","C>S_TC",97,0,"C",296,0.327702702702703
"32","C>T",6,0,"C",296,0.0202702702702703
"33","C>V",14,0,"C",296,0.0472972972972973
"34","C>W",570,0,"C",296,1.92567567567568
"35","C>Y",939,0,"C",296,3.1722972972973
"36","D>A",499,0,"D",511,0.976516634050881
"37","D>E",2849,0,"D",511,5.57534246575342
"38","D>F",57,0,"D",511,0.111545988258317
"39","D>G",2892,0,"D",511,5.65949119373777
"40","D>H",587,0,"D",511,1.14872798434442
"41","D>L_CT",154,0,"D",511,0.301369863013699
"42","D>N",1803,0,"D",511,3.52837573385519
"43","D>S_TC",2,0,"D",511,0.00391389432485323
"44","D>T",2,0,"D",511,0.00391389432485323
"45","D>V",105,0,"D",511,0.205479452054795
"46","D>Y",4107,1,"D",511,8.03718199608611
"47","E>*_TA",521,1,"E",441.666666666667,1.17962264150943
"48","E>A",263,0,"E",441.666666666667,0.595471698113208
"49","E>D",2559,0,"E",441.666666666667,5.79396226415094
"50","E>F",6,0,"E",441.666666666667,0.0135849056603774
"51","E>G",1271,0,"E",441.666666666667,2.8777358490566
"52","E>I",6,0,"E",441.666666666667,0.0135849056603774
"53","E>K",1237,0,"E",441.666666666667,2.80075471698113
"54","E>Q",678,0,"E",441.666666666667,1.53509433962264
"55","E>R_CG",8,0,"E",441.666666666667,0.0181132075471698
"56","E>V",184,0,"E",441.666666666667,0.416603773584906
"57","F>A",8,0,"F",500,0.016
"58","F>C",992,0,"F",500,1.984
"59","F>D",62,0,"F",500,0.124
"60","F>E",6,0,"F",500,0.012
"61","F>G",52,0,"F",500,0.104
"62","F>I",253,0,"F",500,0.506
"63","F>K",6,0,"F",500,0.012
"64","F>L_CT",9675,0,"F",500,19.35
"65","F>L_TT",4572,0,"F",500,9.144
"66","F>P",12,0,"F",500,0.024
"67","F>R_CG",4,0,"F",500,0.008
"68","F>S_AG",74,0,"F",500,0.148
"69","F>S_TC",5134,0,"F",500,10.268
"70","F>T",6,0,"F",500,0.012
"71","F>V",4752,0,"F",500,9.504
"72","F>W",36,0,"F",500,0.072
"73","F>Y",241,0,"F",500,0.482
"74","G>*_TG",55,1,"G",576,0.0954861111111111
"75","G>A",204,0,"G",576,0.354166666666667
"76","G>C",1982,0,"G",576,3.44097222222222
"77","G>D",2838,0,"G",576,4.92708333333333
"78","G>E",1262,0,"G",576,2.19097222222222
"79","G>F",44,0,"G",576,0.0763888888888889
"80","G>I",4,0,"G",576,0.00694444444444444
"81","G>L_TT",30,0,"G",576,0.0520833333333333
"82","G>N",24,0,"G",576,0.0416666666666667
"83","G>R_AG",621,0,"G",576,1.078125
"84","G>R_CG",274,0,"G",576,0.475694444444444
"85","G>S_AG",2390,0,"G",576,4.14930555555556
"86","G>S_TC",2,0,"G",576,0.00347222222222222
"87","G>V",2099,1,"G",576,3.64409722222222
"88","G>W",146,1,"G",576,0.253472222222222
"89","G>Y",8,0,"G",576,0.0138888888888889
"90","H>D",594,0,"H",189,3.14285714285714
"91","H>L_CT",202,0,"H",189,1.06878306878307
"92","H>N",232,0,"H",189,1.22751322751323
"93","H>P",501,0,"H",189,2.65079365079365
"94","H>Q",3689,0,"H",189,19.5185185185185
"95","H>R_CG",1005,0,"H",189,5.31746031746032
"96","H>S_AG",2,0,"H",189,0.0105820105820106
"97","H>S_TC",8,0,"H",189,0.0423280423280423
"98","H>Y",5175,1,"H",189,27.3809523809524
"99","I>A",4,0,"I",512.666666666667,0.00780234070221066
"100","I>E",9,0,"I",512.666666666667,0.017555266579974
"101","I>F",213,0,"I",512.666666666667,0.415474642392718
"102","I>G",4,0,"I",512.666666666667,0.00780234070221066
"103","I>K",94,0,"I",512.666666666667,0.183355006501951
"104","I>L_CT",1033,0,"I",512.666666666667,2.0149544863459
"105","I>L_TT",86,0,"I",512.666666666667,0.167750325097529
"106","I>M",5178,0,"I",512.666666666667,10.1001300390117
"107","I>N",180,0,"I",512.666666666667,0.35110533159948
"108","I>R_AG",809,0,"I",512.666666666667,1.57802340702211
"109","I>S_AG",1911,0,"I",512.666666666667,3.72756827048114
"110","I>S_TC",12,0,"I",512.666666666667,0.023407022106632
"111","I>T",21017,0,"I",512.666666666667,40.9954486345904
"112","I>V",5191,0,"I",512.666666666667,10.1254876462939
"113","K>*_TA",20,0,"K",562,0.0355871886120996
"114","K>E",1365,0,"K",562,2.4288256227758
"115","K>F",6,0,"K",562,0.0106761565836299
"116","K>I",88,0,"K",562,0.156583629893238
"117","K>L_CT",6,0,"K",562,0.0106761565836299
"118","K>L_TT",56,0,"K",562,0.099644128113879
"119","K>M",95,0,"K",562,0.169039145907473
"120","K>N",3687,0,"K",562,6.56049822064057
"121","K>Q",687,0,"K",562,1.22241992882562
"122","K>R_AG",3612,0,"K",562,6.4270462633452
"123","K>S_AG",2,0,"K",562,0.00355871886120996
"124","K>S_TC",4,0,"K",562,0.00711743772241993
"125","K>T",374,0,"K",562,0.665480427046263
"126","K>V",3,0,"K",562,0.00533807829181495
"127","L_CT>A",28,0,"L_CT",512,0.0546875
"128","L_CT>C",2,0,"L_CT",512,0.00390625
"129","L_CT>D",181,0,"L_CT",512,0.353515625
"130","L_CT>F",9534,1,"L_CT",512,18.62109375
"131","L_CT>H",210,0,"L_CT",512,0.41015625
"132","L_CT>I",1054,0,"L_CT",512,2.05859375
"133","L_CT>K",8,0,"L_CT",512,0.015625
"134","L_CT>M",177,0,"L_CT",512,0.345703125
"135","L_CT>N",48,0,"L_CT",512,0.09375
"136","L_CT>P",6949,0,"L_CT",512,13.572265625
"137","L_CT>Q",552,0,"L_CT",512,1.078125
"138","L_CT>R_CG",848,0,"L_CT",512,1.65625
"139","L_CT>S_TC",28,0,"L_CT",512,0.0546875
"140","L_CT>T",4,0,"L_CT",512,0.0078125
"141","L_CT>V",431,0,"L_CT",512,0.841796875
"142","L_CT>W",15,0,"L_CT",512,0.029296875
"143","L_CT>Y",4,0,"L_CT",512,0.0078125
"144","L_TT>*_TA",14,0,"L_TT",418,0.0334928229665072
"145","L_TT>*_TG",4,0,"L_TT",418,0.00956937799043062
"146","L_TT>A",16,0,"L_TT",418,0.0382775119617225
"147","L_TT>C",16,0,"L_TT",418,0.0382775119617225
"148","L_TT>F",4156,0,"L_TT",418,9.94258373205742
"149","L_TT>G",30,0,"L_TT",418,0.0717703349282297
"150","L_TT>I",100,0,"L_TT",418,0.239234449760766
"151","L_TT>K",56,0,"L_TT",418,0.133971291866029
"152","L_TT>M",126,0,"L_TT",418,0.301435406698565
"153","L_TT>P",12,0,"L_TT",418,0.0287081339712919
"154","L_TT>S_TC",5299,0,"L_TT",418,12.677033492823
"155","L_TT>V",3773,0,"L_TT",418,9.02631578947368
"156","L_TT>W",507,0,"L_TT",418,1.21291866028708
"157","M>I",4546,0,"M",206,22.0679611650485
"158","M>K",94,0,"M",206,0.456310679611651
"159","M>L_CT",169,0,"M",206,0.820388349514563
"160","M>L_TT",118,0,"M",206,0.572815533980582
"161","M>R_AG",158,0,"M",206,0.766990291262136
"162","M>S_TC",6,0,"M",206,0.029126213592233
"163","M>T",1436,0,"M",206,6.97087378640777
"164","M>V",905,0,"M",206,4.39320388349515
"165","N>C",40,0,"N",531.666666666667,0.0752351097178683
"166","N>D",1992,0,"N",531.666666666667,3.74670846394984
"167","N>G",30,0,"N",531.666666666667,0.0564263322884013
"168","N>H",208,0,"N",531.666666666667,0.391222570532915
"169","N>I",166,0,"N",531.666666666667,0.312225705329154
"170","N>K",4135,0,"N",531.666666666667,7.77742946708464
"171","N>L_CT",36,0,"N",531.666666666667,0.0677115987460815
"172","N>Q",2,0,"N",531.666666666667,0.00376175548589342
"173","N>R_AG",6,0,"N",531.666666666667,0.0112852664576803
"174","N>R_CG",214,0,"N",531.666666666667,0.402507836990596
"175","N>S_AG",2031,0,"N",531.666666666667,3.82006269592476
"176","N>S_TC",8,0,"N",531.666666666667,0.0150470219435737
"177","N>T",876,0,"N",531.666666666667,1.64764890282132
"178","N>Y",302,0,"N",531.666666666667,0.568025078369906
"179","P>A",82,0,"P",394,0.208121827411168
"180","P>F",12,0,"P",394,0.0304568527918782
"181","P>H",481,0,"P",394,1.22081218274112
"182","P>L_CT",6784,1,"P",394,17.2182741116751
"183","P>L_TT",14,0,"P",394,0.0355329949238579
"184","P>Q",276,0,"P",394,0.700507614213198
"185","P>R_CG",166,0,"P",394,0.421319796954315
"186","P>S_AG",160,0,"P",394,0.406091370558376
"187","P>S_TC",8379,1,"P",394,21.2664974619289
"188","P>T",513,0,"P",394,1.30203045685279
"189","P>V",12,0,"P",394,0.0304568527918782
"190","P>Y",4,0,"P",394,0.0101522842639594
"191","Q>*_TA",435,1,"Q",365,1.19178082191781
"192","Q>A",8,0,"Q",365,0.0219178082191781
"193","Q>E",690,0,"Q",365,1.89041095890411
"194","Q>H",3256,0,"Q",365,8.92054794520548
"195","Q>K",688,0,"Q",365,1.88493150684932
"196","Q>L_CT",472,0,"Q",365,1.29315068493151
"197","Q>P",272,0,"Q",365,0.745205479452055
"198","Q>R_CG",933,0,"Q",365,2.55616438356164
"199","Q>T",4,0,"Q",365,0.010958904109589
"200","Q>V",4,0,"Q",365,0.010958904109589
"201","Q>W",8,0,"Q",365,0.0219178082191781
"202","Q>Y",4,0,"Q",365,0.010958904109589
"203","R_AG>G",691,0,"R_AG",203,3.40394088669951
"204","R_AG>I",696,1,"R_AG",203,3.42857142857143
"205","R_AG>K",3600,0,"R_AG",203,17.7339901477833
"206","R_AG>M",130,1,"R_AG",203,0.640394088669951
"207","R_AG>N",4,0,"R_AG",203,0.0197044334975369
"208","R_AG>S_AG",554,0,"R_AG",203,2.72906403940887
"209","R_AG>T",161,0,"R_AG",203,0.793103448275862
"210","R_AG>W",61,0,"R_AG",203,0.300492610837438
"211","R_CG>C",2128,1,"R_CG",146.666666666667,14.5090909090909
"212","R_CG>E",8,0,"R_CG",146.666666666667,0.0545454545454545
"213","R_CG>F",4,0,"R_CG",146.666666666667,0.0272727272727273
"214","R_CG>G",277,0,"R_CG",146.666666666667,1.88863636363636
"215","R_CG>H",911,0,"R_CG",146.666666666667,6.21136363636364
"216","R_CG>L_CT",745,1,"R_CG",146.666666666667,5.07954545454546
"217","R_CG>N",188,0,"R_CG",146.666666666667,1.28181818181818
"218","R_CG>P",186,0,"R_CG",146.666666666667,1.26818181818182
"219","R_CG>Q",944,0,"R_CG",146.666666666667,6.43636363636364
"220","R_CG>S_AG",182,0,"R_CG",146.666666666667,1.24090909090909
"221","R_CG>W",160,0,"R_CG",146.666666666667,1.09090909090909
"222","R_CG>Y",8,0,"R_CG",146.666666666667,0.0545454545454545
"223","S_AG>C",205,0,"S_AG",198,1.03535353535354
"224","S_AG>F",74,0,"S_AG",198,0.373737373737374
"225","S_AG>G",2664,0,"S_AG",198,13.4545454545455
"226","S_AG>I",1662,1,"S_AG",198,8.39393939393939
"227","S_AG>K",2,0,"S_AG",198,0.0101010101010101
"228","S_AG>N",1967,0,"S_AG",198,9.93434343434343
"229","S_AG>P",142,0,"S_AG",198,0.717171717171717
"230","S_AG>R_AG",600,0,"S_AG",198,3.03030303030303
"231","S_AG>R_CG",167,0,"S_AG",198,0.843434343434343
"232","S_AG>T",265,0,"S_AG",198,1.33838383838384
"233","S_TC>*_TA",4,0,"S_TC",463,0.00863930885529158
"234","S_TC>A",5951,0,"S_TC",463,12.85313174946
"235","S_TC>C",96,0,"S_TC",463,0.207343412526998
"236","S_TC>F",5054,1,"S_TC",463,10.9157667386609
"237","S_TC>G",2,0,"S_TC",463,0.00431965442764579
"238","S_TC>H",8,0,"S_TC",463,0.0172786177105832
"239","S_TC>I",18,0,"S_TC",463,0.0388768898488121
"240","S_TC>K",4,0,"S_TC",463,0.00863930885529158
"241","S_TC>L_CT",68,0,"S_TC",463,0.146868250539957
"242","S_TC>L_TT",5190,1,"S_TC",463,11.2095032397408
"243","S_TC>M",6,0,"S_TC",463,0.0129589632829374
"244","S_TC>N",10,0,"S_TC",463,0.0215982721382289
"245","S_TC>P",8454,0,"S_TC",463,18.2591792656587
"246","S_TC>T",230,0,"S_TC",463,0.496760259179266
"247","S_TC>V",8,0,"S_TC",463,0.0172786177105832
"248","S_TC>W",34,0,"S_TC",463,0.0734341252699784
"249","S_TC>Y",308,0,"S_TC",463,0.665226781857451
"250","T>A",3234,0,"T",718,4.5041782729805
"251","T>C",6,0,"T",718,0.00835654596100279
"252","T>D",2,0,"T",718,0.00278551532033426
"253","T>F",4,0,"T",718,0.00557103064066852
"254","T>G",2,0,"T",718,0.00278551532033426
"255","T>I",20645,1,"T",718,28.7534818941504
"256","T>K",392,0,"T",718,0.545961002785515
"257","T>L_CT",6,0,"T",718,0.00835654596100279
"258","T>M",1458,1,"T",718,2.03064066852368
"259","T>N",900,0,"T",718,1.25348189415042
"260","T>P",516,0,"T",718,0.71866295264624
"261","T>Q",4,0,"T",718,0.00557103064066852
"262","T>R_AG",154,0,"T",718,0.214484679665738
"263","T>S_AG",251,0,"T",718,0.34958217270195
"264","T>S_TC",215,0,"T",718,0.299442896935933
"265","T>V",2,0,"T",718,0.00278551532033426
"266","V>A",14543,0,"V",781,18.6209987195903
"267","V>C",12,0,"V",781,0.0153649167733675
"268","V>D",119,0,"V",781,0.152368758002561
"269","V>E",217,0,"V",781,0.277848911651729
"270","V>F",4057,1,"V",781,5.19462227912932
"271","V>G",2452,0,"V",781,3.13956466069142
"272","V>I",4841,0,"V",781,6.19846350832266
"273","V>L_CT",445,0,"V",781,0.569782330345711
"274","V>L_TT",3293,1,"V",781,4.21638924455826
"275","V>M",863,0,"V",781,1.10499359795134
"276","V>P",12,0,"V",781,0.0153649167733675
"277","V>Q",4,0,"V",781,0.00512163892445583
"278","V>S_TC",6,0,"V",781,0.00768245838668374
"279","V>T",8,0,"V",781,0.0102432778489117
"280","W>*_TA",2,0,"W",111,0.018018018018018
"281","W>*_TG",10,0,"W",111,0.0900900900900901
"282","W>C",492,0,"W",111,4.43243243243243
"283","W>F",38,0,"W",111,0.342342342342342
"284","W>G",162,0,"W",111,1.45945945945946
"285","W>L_CT",12,0,"W",111,0.108108108108108
"286","W>L_TT",428,1,"W",111,3.85585585585586
"287","W>Q",8,0,"W",111,0.0720720720720721
"288","W>R_AG",66,0,"W",111,0.594594594594595
"289","W>R_CG",145,0,"W",111,1.30630630630631
"290","W>S_TC",35,0,"W",111,0.315315315315315
"291","Y>*_TA",28,0,"Y",448,0.0625
"292","Y>C",941,0,"Y",448,2.10044642857143
"293","Y>D",4789,0,"Y",448,10.6897321428571
"294","Y>F",225,0,"Y",448,0.502232142857143
"295","Y>G",12,0,"Y",448,0.0267857142857143
"296","Y>H",5199,0,"Y",448,11.6049107142857
"297","Y>L_CT",4,0,"Y",448,0.00892857142857143
"298","Y>L_TT",2,0,"Y",448,0.00446428571428571
"299","Y>N",342,0,"Y",448,0.763392857142857
"300","Y>P",4,0,"Y",448,0.00892857142857143
"301","Y>Q",4,0,"Y",448,0.00892857142857143
"302","Y>R_CG",6,0,"Y",448,0.0133928571428571
"303","Y>S_TC",319,0,"Y",448,0.712053571428571
