"","Aa_Mutation","Aa_parent","Count","Ref_Count","Speed","Versus_Aa_parent","Versus_Count","Versus_Ref_Count","Versus_Speed","p.value","odds_ratio"
"1","T>M","T",1458,718,2.03064066852368,"M",1436,206,6.97087378640777,7.83650015746708e-51,0.291393656256956
"2","V>L_TT","V",3293,781,4.21638924455826,"L_TT",3773,418,9.02631578947368,8.80865752766514e-33,0.467160857513084
"3","G>W","G",146,576,0.253472222222222,"W",162,111,1.45945945945946,3.66138933243837e-31,0.174048006811456
"4","R_CG>L_CT","R_CG",745,146.666666666667,5.07954545454544,"L_CT",848,512,1.65625,2.47139911380815e-28,3.0584776747015
"5","H>Y","H",5175,189,27.3809523809524,"Y",5199,448,11.6049107142857,1.03854392672792e-23,2.3592613152462
"6","V>F","V",4057,781,5.19462227912932,"F",4752,500,9.504,1.77758101337439e-23,0.546614006904327
"7","W>L_TT","W",428,111,3.85585585585586,"L_TT",507,418,1.21291866028708,6.86472135695029e-22,3.1765267478209
"8","S_AG>I","S_AG",1662,198,8.39393939393939,"I",1911,512.666666666667,3.72756827048114,1.32513175065472e-20,2.25291958195434
"9","R_AG>I","R_AG",696,203,3.42857142857143,"I",809,512.666666666667,1.57802340702211,4.63303036339238e-16,2.17337667021404
"10","A>S_TC","A",5159,658,7.84042553191489,"S_TC",5951,463,12.85313174946,5.71295303551712e-15,0.610034523188889
"11","R_CG>C","R_CG",2128,146.666666666667,14.5090909090909,"C",2174,296,7.34459459459459,4.66643420773528e-11,1.97071007427884
"12","T>I","T",20645,718,28.7534818941504,"I",21017,512.666666666667,40.9954486345904,1.37848745234254e-09,0.701847877031773
"13","C>F","C",865,296,2.9222972972973,"F",992,500,1.984,8.77015176128208e-06,1.47270284916684
"14","D>Y","D",4107,511,8.03718199608611,"Y",4789,448,10.6897321428571,3.1888199092506e-05,0.751887688939871
"15","P>L_CT","P",6784,394,17.2182741116751,"L_CT",6949,512,13.572265625,0.000596226287814565,1.26861275959417
"16","L_CT>L_TT","L_CT",6767,512,13.216796875,"L_TT",6825,418,16.3277511961722,0.0020264864943657,0.809481996194475
"17","A>V","A",14269,658,21.6854103343465,"V",14543,781,18.6209987195903,0.00495853994327795,1.16456051309096
"18","G>V","G",2099,576,3.64409722222222,"V",2452,781,3.13956466069142,0.0181955004745753,1.16067089777355
"19","P>S_TC","P",8379,394,21.2664974619289,"S_TC",8454,463,18.2591792656587,0.0299578325191274,1.16469049100181
"20","S_TC>L_TT","S_TC",5190,463,11.2095032397408,"L_TT",5299,418,12.677033492823,0.0855997691571056,0.884247321622901
"21","R_AG>M","R_AG",130,203,0.640394088669951,"M",158,206,0.766990291262136,0.248999445124817,0.835164023008011
"22","S_TC>F","S_TC",5054,463,10.9157667386609,"F",5134,500,10.268,0.380720655819583,1.06310982438192
"23","L_CT>F","L_CT",9534,512,18.62109375,"F",9675,500,19.35,0.561621820720845,0.962320943417685
