"","NucSubst","ExpFr","ObsFr_edge1","ObsFr_edge2","ObsFr_edge3","ObsFr_edge4","ObsFr_edge5","ObsFr_edge6","ObsFr_edge7","ObsFr_edge8","ObsFr_edge9","ObsFr_edge10","ObsFr_edge11","ObsFr_edge12","ObsFr_edge13","ObstoExp_edge1","ObstoExp_edge2","ObstoExp_edge3","ObstoExp_edge4","ObstoExp_edge5","ObstoExp_edge6","ObstoExp_edge7","ObstoExp_edge8","ObstoExp_edge9","ObstoExp_edge10","ObstoExp_edge11","ObstoExp_edge12","ObstoExp_edge13"
"1","A>C",1590,21543,8358,3357,1299,633,249,93,39,18,0,0,0,0,13.5490566037736,5.25660377358491,2.11132075471698,0.816981132075472,0.39811320754717,0.156603773584906,0.0584905660377358,0.0245283018867925,0.0113207547169811,0,0,0,0
"2","A>G",2596,91884,36456,14454,5463,2466,960,411,213,99,39,6,15,6,35.3944530046225,14.0431432973806,5.56779661016949,2.10439137134052,0.949922958397535,0.36979969183359,0.158320493066256,0.0820493066255778,0.038135593220339,0.0150231124807396,0.00231124807395994,0.00577812018489985,0.00231124807395994
"3","A>T",1387,17784,6687,2664,936,444,201,63,39,9,6,0,0,0,12.8219178082192,4.82119682768565,1.92069214131218,0.674837779379957,0.320115356885364,0.144917087238645,0.0454217736121125,0.0281182408074982,0.00648882480173035,0.00432588320115357,0,0,0
"4","C>A",704,20238,8331,3243,1287,642,234,72,63,6,0,0,0,0,28.7471590909091,11.8338068181818,4.60653409090909,1.828125,0.911931818181818,0.332386363636364,0.102272727272727,0.0894886363636364,0.00852272727272727,0,0,0,0
"5","C>G",582,7368,2832,1167,516,213,72,18,12,6,0,0,0,0,12.659793814433,4.8659793814433,2.00515463917526,0.88659793814433,0.365979381443299,0.123711340206186,0.0309278350515464,0.0206185567010309,0.0103092783505155,0,0,0,0
"6","C>T",1670,390759,158919,62343,23832,10140,4251,1464,840,360,99,27,18,12,233.987425149701,95.1610778443114,37.3311377245509,14.2706586826347,6.07185628742515,2.54550898203593,0.876646706586826,0.502994011976048,0.215568862275449,0.0592814371257485,0.0161676646706587,0.0107784431137725,0.00718562874251497
"7","G>A",919,96624,36381,14025,5733,2559,975,393,213,66,39,12,6,6,105.140369967356,39.5875952121872,15.2611534276387,6.23830250272035,2.78454842219804,1.06093579978237,0.427638737758433,0.23177366702938,0.0718171926006529,0.0424374319912949,0.0130576713819369,0.00652883569096844,0.00652883569096844
"8","G>C",277,7230,2955,1110,408,207,87,33,12,0,0,0,0,0,26.101083032491,10.6678700361011,4.0072202166065,1.47292418772563,0.747292418772563,0.314079422382672,0.11913357400722,0.0433212996389892,0,0,0,0,0
"9","G>T",277,94557,30489,12384,4959,2052,933,318,213,63,30,9,0,3,341.361010830325,110.068592057762,44.7075812274368,17.9025270758123,7.40794223826715,3.36823104693141,1.14801444043321,0.768953068592058,0.227436823104693,0.108303249097473,0.0324909747292419,0,0.0108303249097473
"10","T>A",2421,16209,6573,2571,1074,468,168,60,39,24,6,0,0,0,6.69516728624535,2.71499380421313,1.06195786864932,0.44361833952912,0.193308550185874,0.0693928128872367,0.0247831474597274,0.0161090458488228,0.00991325898389095,0.00247831474597274,0,0,0
"11","T>C",4668,391365,158685,62118,23844,10413,3852,1665,891,336,81,57,12,12,83.8399742930591,33.9942159383033,13.3071979434447,5.10796915167095,2.23071979434447,0.825192802056555,0.356683804627249,0.190874035989717,0.0719794344473008,0.0173521850899743,0.0122107969151671,0.0025706940874036,0.0025706940874036
"12","T>G",2160,78513,30783,12207,4905,2250,822,351,153,66,15,6,0,3,36.3486111111111,14.2513888888889,5.65138888888889,2.27083333333333,1.04166666666667,0.380555555555556,0.1625,0.0708333333333333,0.0305555555555556,0.00694444444444444,0.00277777777777778,0,0.00138888888888889
