"","NucSubst","ObsFr","Colour","ExpFr","ObsToExp","MutSpec","Context"
"1","AAA>ACA",2133,"A>C",879,2.42662116040956,0.0010556921204893,"AxA"
"2","AAA>AGA",7416,"A>G",614,12.0781758957655,0.00525456355984772,"AxA"
"3","AAA>AUA",444,"A>U",879,0.505119453924915,0.000219750258554735,"AxA"
"4","AAC>ACC",1563,"A>C",588,2.65816326530612,0.00115642361483577,"AxC"
"5","AAC>AGC",5445,"A>G",386,14.1062176165803,0.00613685524163889,"AxC"
"6","AAC>AUC",372,"A>U",588,0.63265306122449,0.000275233259577036,"AxC"
"7","AAG>ACG",705,"A>C",533,1.32270168855535,0.000575436237492507,"AxG"
"8","AAG>AGG",4596,"A>G",267,17.2134831460674,0.00748865905397931,"AxG"
"9","AAG>AUG",267,"A>U",573,0.465968586387435,0.000202717825538837,"AxG"
"10","AAU>ACU",2406,"A>C",747,3.22088353413655,0.00140123288442264,"AxU"
"11","AAU>AGU",5433,"A>G",572,9.49825174825175,0.00413217756963792,"AxU"
"12","AAU>AUU",696,"A>U",747,0.931726907630522,0.000405344176042459,"AxU"
"13","ACA>AAA",1407,"C>A",791,1.7787610619469,0.000773843098365465,"AxA"
"14","ACA>AGA",3114,"C>G",791,3.93678887484197,0.00171268472516706,"AxA"
"15","ACA>AUA",11241,"C>U",522,21.5344827586207,0.00936849316984102,"AxA"
"16","ACC>AAC",1635,"C>A",369,4.43089430894309,0.00192764337713211,"AxC"
"17","ACC>AGC",255,"C>G",369,0.691056910569106,0.000300641627626109,"AxC"
"18","ACC>AUC",19266,"C>U",262,73.5343511450382,0.031990834150646,"AxC"
"19","ACG>AAG",1317,"C>A",143,9.20979020979021,0.00400668349656775,"AxG"
"20","ACG>AGG",918,"C>G",151,6.0794701986755,0.00264484992144717,"AxG"
"21","ACG>AUG",4101,"C>U",93,44.0967741935484,0.0191841305163877,"AxG"
"22","ACU>AAU",2334,"C>A",660,3.53636363636364,0.00153848127882636,"AxU"
"23","ACU>AGU",510,"C>G",660,0.772727272727273,0.000336172001800104,"AxU"
"24","ACU>AUU",15279,"C>U",450,33.9533333333333,0.014771265926939,"AxU"
"25","AGA>AAA",7956,"G>A",473,16.8202959830867,0.00731760450429993,"AxA"
"26","AGA>ACA",3189,"G>C",596,5.3506711409396,0.00232778871913656,"AxA"
"27","AGA>AUA",7236,"G>U",596,12.1409395973154,0.0052818686646824,"AxA"
"28","AGC>AAC",4860,"G>A",227,21.4096916299559,0.00931420327350792,"AxC"
"29","AGC>ACC",237,"G>C",292,0.811643835616438,0.000353102501487861,"AxC"
"30","AGC>AUC",7974,"G>U",292,27.3082191780822,0.0118803347968954,"AxC"
"31","AGG>AAG",4995,"G>A",201,24.8507462686567,0.0108112207427022,"AxG"
"32","AGG>ACG",297,"G>C",317,0.936908517350158,0.000407598415246219,"AxG"
"33","AGG>AUG",3744,"G>U",317,11.8107255520505,0.0051382103255281,"AxG"
"34","AGU>AAU",5703,"G>A",369,15.4552845528455,0.0067237615778498,"AxU"
"35","AGU>ACU",1272,"G>C",495,2.56969696969697,0.00111793669618231,"AxU"
"36","AGU>AUU",12696,"G>U",495,25.6484848484848,0.0111582738166121,"AxU"
"37","AUA>AAA",465,"U>A",464,1.00215517241379,0.000435983719373106,"AxA"
"38","AUA>ACA",11127,"U>C",224,49.6741071428571,0.0216105275758021,"AxA"
"39","AUA>AGA",6129,"U>G",464,13.2090517241379,0.00574654670115649,"AxA"
"40","AUC>AAC",261,"U>A",328,0.795731707317073,0.000346179991810652,"AxC"
"41","AUC>ACC",18918,"U>C",199,95.0653266331658,0.0413578014960674,"AxC"
"42","AUC>AGC",7140,"U>G",328,21.7682926829268,0.00947021127022243,"AxC"
"43","AUG>AAG",396,"U>A",717,0.552301255230126,0.000240276518146075,"AxG"
"44","AUG>ACG",4002,"U>C",276,14.5,0.00630816873966077,"AxG"
"45","AUG>AGG",3249,"U>G",717,4.53138075313807,0.00197135961478938,"AxG"
"46","AUU>AAU",618,"U>A",762,0.811023622047244,0.000352832679981026,"AxU"
"47","AUU>ACU",15444,"U>C",369,41.8536585365854,0.0182082717531672,"AxU"
"48","AUU>AGU",11175,"U>G",762,14.6653543307087,0.0063801054996569,"AxU"
"49","CAA>CCA",1209,"A>C",479,2.52400835073069,0.00109806003977394,"CxA"
"50","CAA>CGA",1962,"A>G",479,4.09603340292276,0.00178196343923611,"CxA"
"51","CAA>CUA",1035,"A>U",479,2.160751565762,0.000940026584918133,"CxA"
"52","CAC>CCC",159,"A>C",241,0.659751037344398,0.00028702212894722,"CxC"
"53","CAC>CGC",3207,"A>G",241,13.3070539419087,0.00578918218574677,"CxC"
"54","CAC>CUC",387,"A>U",241,1.60580912863071,0.000698601030833801,"CxC"
"55","CAG>CCG",219,"A>C",146,1.5,0.000652569179964907,"CxG"
"56","CAG>CGG",2241,"A>G",197,11.3756345177665,0.00494892565922625,"CxG"
"57","CAG>CUG",1095,"A>U",197,5.55837563451777,0.00241814975316945,"CxG"
"58","CAU>CCU",1953,"A>C",311,6.27974276527331,0.00273197772448331,"CxU"
"59","CAU>CGU",5775,"A>G",311,18.5691318327974,0.00807842875519258,"CxU"
"60","CAU>CUU",819,"A>U",311,2.63344051446945,0.00114566807800913,"CxU"
"61","CCA>CAA",1095,"C>A",234,4.67948717948718,0.00203579274091616,"CxA"
"62","CCA>CGA",330,"C>G",234,1.41025641025641,0.000613526579454186,"CxA"
"63","CCA>CUA",4512,"C>U",234,19.2820512820513,0.00838858159544633,"CxA"
"64","CCC>CAC",150,"C>A",84,1.78571428571429,0.000776868071386794,"CxC"
"65","CCC>CGC",30,"C>G",84,0.357142857142857,0.000155373614277359,"CxC"
"66","CCC>CUC",4908,"C>U",84,58.4285714285714,0.0254191232957759,"CxC"
"67","CCG>CAG",243,"C>A",39,6.23076923076923,0.00271067197831577,"CxG"
"68","CCG>CGG",51,"C>G",42,1.21428571428571,0.00052827028854302,"CxG"
"69","CCG>CUG",1752,"C>U",42,41.7142857142857,0.0181476381475955,"CxG"
"70","CCU>CAU",1635,"C>A",264,6.19318181818182,0.00269431972030965,"CxU"
"71","CCU>CGU",435,"C>G",264,1.64772727272727,0.000716837356779633,"CxU"
"72","CCU>CUU",5346,"C>U",243,22,0.0095710146394853,"CxU"
"73","CGA>CAA",2055,"G>A",65,31.6153846153846,0.0137541504084911,"CxA"
"74","CGA>CCA",258,"G>C",65,3.96923076923077,0.0017267984454456,"CxA"
"75","CGA>CUA",1308,"G>U",65,20.1230769230769,0.00875446653737537,"CxA"
"76","CGC>CAC",4146,"G>A",68,60.9705882352941,0.0265250178444559,"CxC"
"77","CGC>CCC",159,"G>C",68,2.33823529411765,0.00101724019229824,"CxC"
"78","CGC>CUC",2013,"G>U",68,29.6029411764706,0.0128786446987192,"CxC"
"79","CGG>CAG",2403,"G>A",54,44.5,0.0193595523389589,"CxG"
"80","CGG>CCG",48,"G>C",54,0.888888888888889,0.000386707662201426,"CxG"
"81","CGG>CUG",1398,"G>U",54,25.8888888888889,0.0112628606616165,"CxG"
"82","CGU>CAU",5994,"G>A",136,44.0735294117647,0.019174017964263,"CxU"
"83","CGU>CCU",333,"G>C",136,2.44852941176471,0.00106522322023683,"CxU"
"84","CGU>CUU",4032,"G>U",136,29.6470588235294,0.0128978379098946,"CxU"
"85","CUA>CAA",1305,"U>A",208,6.27403846153846,0.00272949608927629,"CxA"
"86","CUA>CCA",4326,"U>C",208,20.7980769230769,0.00904812266835957,"CxA"
"87","CUA>CGA",1152,"U>G",208,5.53846153846154,0.00240948620294735,"CxA"
"88","CUC>CAC",1398,"U>A",167,8.37125748502994,0.00364188308818738,"CxC"
"89","CUC>CCC",4989,"U>C",167,29.874251497006,0.0129966772009777,"CxC"
"90","CUC>CGC",1824,"U>G",167,10.9221556886228,0.00475164145411573,"CxC"
"91","CUG>CAG",339,"U>A",123,2.75609756097561,0.00119902955017942,"CxG"
"92","CUG>CCG",1728,"U>C",123,14.0487804878049,0.00611186744162254,"CxG"
"93","CUG>CGG",1269,"U>G",123,10.3170731707317,0.00448840265244155,"CxG"
"94","CUU>CAU",798,"U>A",458,1.74235807860262,0.000758006121705962,"CxU"
"95","CUU>CCU",5373,"U>C",388,13.8479381443299,0.00602449175936674,"CxU"
"96","CUU>CGU",3612,"U>G",458,7.88646288209607,0.00343097507719541,"CxU"
"97","GAA>GCA",1119,"A>C",480,2.33125,0.00101420126719546,"GxA"
"98","GAA>GGA",3627,"A>G",442,8.20588235294118,0.00356993727863155,"GxA"
"99","GAA>GUA",357,"A>U",480,0.74375,0.0003235655517326,"GxA"
"100","GAC>GCC",399,"A>C",296,1.34797297297297,0.00058643041172522,"GxC"
"101","GAC>GGC",2271,"A>G",262,8.66793893129771,0.00377095320025523,"GxC"
"102","GAC>GUC",273,"A>U",296,0.922297297297297,0.000401241860654098,"GxC"
"103","GAG>GCG",231,"A>C",213,1.08450704225352,0.000471810580819698,"GxG"
"104","GAG>GGG",1965,"A>G",184,10.679347826087,0.00464600883561972,"GxG"
"105","GAG>GUG",174,"A>U",243,0.716049382716049,0.00031151450566226,"GxG"
"106","GAU>GCU",759,"A>C",419,1.81145584725537,0.000788066837857382,"GxU"
"107","GAU>GGU",2187,"A>G",394,5.5507614213198,0.002414837219261,"GxU"
"108","GAU>GUU",852,"A>U",419,2.03341288782816,0.000884628387160065,"GxU"
"109","GCA>GAA",930,"C>A",299,3.11036789297659,0.00135315348353927,"GxA"
"110","GCA>GGA",333,"C>G",299,1.11371237458194,0.000484516247331804,"GxA"
"111","GCA>GUA",693,"C>U",256,2.70703125,0.00117768344196792,"GxA"
"112","GCC>GAC",384,"C>A",166,2.31325301204819,0.00100637174741576,"GxC"
"113","GCC>GGC",48,"C>G",166,0.289156626506024,0.00012579646842697,"GxC"
"114","GCC>GUC",3474,"C>U",150,23.16,0.0100756681386582,"GxC"
"115","GCG>GAG",201,"C>A",61,3.29508196721311,0.00143351262484094,"GxG"
"116","GCG>GGG",93,"C>G",66,1.40909090909091,0.000613019532694307,"GxG"
"117","GCG>GUG",1236,"C>U",50,24.72,0.0107543400858217,"GxG"
"118","GCU>GAU",681,"C>A",473,1.43974630021142,0.000626356041657649,"GxU"
"119","GCU>GGU",117,"C>G",473,0.247357293868922,0.000107611830945587,"GxU"
"120","GCU>GUU",4185,"C>U",411,10.1824817518248,0.00442984917786397,"GxU"
"121","GGA>GAA",3909,"G>A",259,15.0926640926641,0.00656600495362373,"GxA"
"122","GGA>GCA",339,"G>C",272,1.24632352941176,0.000542208215706136,"GxA"
"123","GGA>GUA",1509,"G>U",272,5.54779411764706,0.00241354630531138,"GxA"
"124","GGC>GAC",2475,"G>A",204,12.1323529411765,0.00527813307324557,"GxC"
"125","GGC>GCC",39,"G>C",210,0.185714285714286,8.07942794242266e-05,"GxC"
"126","GGC>GUC",3018,"G>U",210,14.3714285714286,0.00625223423852092,"GxC"
"127","GGG>GAG",2175,"G>A",109,19.954128440367,0.00868096615549647,"GxG"
"128","GGG>GCG",672,"G>C",121,5.55371900826446,0.00241612390598577,"GxG"
"129","GGG>GUG",774,"G>U",121,6.39669421487603,0.00278285699885861,"GxG"
"130","GGU>GAU",2313,"G>A",424,5.45518867924528,0.00237325866864596,"GxU"
"131","GGU>GCU",114,"G>C",440,0.259090909090909,0.000112716494721211,"GxU"
"132","GGU>GUU",1656,"G>U",440,3.76363636363636,0.00163735539700286,"GxU"
"133","GUA>GAA",213,"U>A",339,0.628318584070796,0.000273347562109194,"GxA"
"134","GUA>GCA",720,"U>C",252,2.85714285714286,0.00124298891421887,"GxA"
"135","GUA>GGA",1251,"U>G",339,3.69026548672566,0.00160543568168358,"GxA"
"136","GUC>GAC",312,"U>A",237,1.31645569620253,0.000572718942754011,"GxC"
"137","GUC>GCC",3312,"U>C",180,18.4,0.00800484860756952,"GxC"
"138","GUC>GGC",2739,"U>G",237,11.5569620253165,0.00502781148783089,"GxC"
"139","GUG>GAG",84,"U>A",357,0.235294117647059,0.000102363792935672,"GxG"
"140","GUG>GCG",1254,"U>C",190,6.6,0.00287130439184559,"GxG"
"141","GUG>GGG",675,"U>G",357,1.89075630252101,0.000822566193233076,"GxG"
"142","GUU>GAU",153,"U>A",597,0.256281407035176,0.000111494231752798,"GxU"
"143","GUU>GCU",4131,"U>C",462,8.94155844155844,0.00388999030654406,"GxU"
"144","GUU>GGU",1488,"U>G",597,2.49246231155779,0.00108433605783114,"GxU"
"145","UAA>UCA",1065,"A>C",584,1.8236301369863,0.000793363215368294,"UxA"
"146","UAA>UGA",7629,"A>G",551,13.8457350272232,0.00602353330181763,"UxA"
"147","UAA>UUA",3804,"A>U",584,6.51369863013699,0.00283375931573802,"UxA"
"148","UAC>UCC",285,"A>C",493,0.578093306288032,0.000251497249885055,"UxC"
"149","UAC>UGC",4440,"A>G",457,9.71553610503282,0.00422670628598714,"UxC"
"150","UAC>UUC",462,"A>U",493,0.937119675456389,0.000407690278761037,"UxC"
"151","UAG>UCG",129,"A>C",174,0.741379310344828,0.000322534192396448,"UxG"
"152","UAG>UGG",6150,"A>G",231,26.6233766233766,0.0115823967006758,"UxG"
"153","UAG>UUG",969,"A>U",256,3.78515625,0.00164671754006769,"UxG"
"154","UAU>UCU",1413,"A>C",563,2.50976909413854,0.00109186530644217,"UxU"
"155","UAU>UGU",16023,"A>G",552,29.0271739130435,0.0126281593847557,"UxU"
"156","UAU>UUU",510,"A>U",563,0.905861456483126,0.00039409151187934,"UxU"
"157","UCA>UAA",1116,"C>A",410,2.7219512195122,0.00118417431681437,"UxA"
"158","UCA>UGA",2988,"C>G",457,6.5382932166302,0.00284445909516432,"UxA"
"159","UCA>UUA",9594,"C>U",357,26.8739495798319,0.0116914074931528,"UxA"
"160","UCC>UAC",294,"C>A",167,1.76047904191617,0.000765889576485759,"UxC"
"161","UCC>UGC",111,"C>G",175,0.634285714285714,0.000275943538956589,"UxC"
"162","UCC>UUC",10383,"C>U",141,73.6382978723404,0.0320360557710432,"UxC"
"163","UCG>UAG",132,"C>A",55,2.4,0.00104411068794385,"UxG"
"164","UCG>UGG",540,"C>G",81,6.66666666666667,0.0029003074665107,"UxG"
"165","UCG>UUG",3558,"C>U",52,68.4230769230769,0.0297671941322454,"UxG"
"166","UCU>UAU",1857,"C>A",442,4.20135746606335,0.0018277842642456,"UxU"
"167","UCU>UGU",3000,"C>G",467,6.42398286937901,0.00279472882211952,"UxU"
"168","UCU>UUU",18642,"C>U",344,54.1918604651163,0.0235759586296624,"UxU"
"169","UGA>UAA",8265,"G>A",538,15.3624535315985,0.00668337580224282,"UxA"
"170","UGA>UCA",3717,"G>C",578,6.43079584775086,0.00279769278192567,"UxA"
"171","UGA>UUA",10062,"G>U",578,17.4083044982699,0.00757341532734359,"UxA"
"172","UGC>UAC",4773,"G>A",466,10.2424892703863,0.00445595521598355,"UxC"
"173","UGC>UCC",105,"G>C",504,0.208333333333333,9.06346083284593e-05,"UxC"
"174","UGC>UUC",15663,"G>U",504,31.077380952381,0.0135200940023682,"UxC"
"175","UGG>UAG",6714,"G>A",475,14.1347368421053,0.00614926242004826,"UxG"
"176","UGG>UCG",591,"G>C",511,1.15655577299413,0.000503155101577639,"UxG"
"177","UGG>UUG",5358,"G>U",511,10.4853228962818,0.00456159904272925,"UxG"
"178","UGU>UAU",17079,"G>A",749,22.8024032042724,0.00992009704016079,"UxU"
"179","UGU>UCU",1500,"G>C",800,1.875,0.000815711474956134,"UxU"
"180","UGU>UUU",15780,"G>U",800,19.725,0.00858128471653853,"UxU"
"181","UUA>UAA",3345,"U>A",576,5.80729166666667,0.0025264397071558,"UxA"
"182","UUA>UCA",9438,"U>C",463,20.3844492440605,0.00886817555148854,"UxA"
"183","UUA>UGA",8940,"U>G",656,13.6280487804878,0.00592882974480312,"UxA"
"184","UUC>UAC",534,"U>A",401,1.33167082294264,0.000579338224607249,"UxC"
"185","UUC>UCC",10461,"U>C",363,28.8181818181818,0.0125372381847803,"UxC"
"186","UUC>UGC",13932,"U>G",433,32.175519630485,0.0139978349734736,"UxC"
"187","UUG>UAG",972,"U>A",481,2.02079002079002,0.000879136857832141,"UxG"
"188","UUG>UCG",3594,"U>C",349,10.297994269341,0.0044801024504181,"UxG"
"189","UUG>UGG",4788,"U>G",587,8.15672913117547,0.00354855336021803,"UxG"
"190","UUU>UAU",609,"U>A",791,0.769911504424779,0.00033494701272535,"UxU"
"191","UUU>UCU",18120,"U>C",546,33.1868131868132,0.0144377943113115,"UxU"
"192","UUU>UGU",14112,"U>G",834,16.9208633093525,0.0073613559293883,"UxU"
