"","NucSubst","ExpFr","ObsFr_edge1","ObsFr_edge2","ObsFr_edge3","ObsFr_edge4","ObsFr_edge5","ObsFr_edge6","ObsFr_edge7","ObsFr_edge8","ObsFr_edge9","ObsFr_edge10","ObsFr_edge11","ObsFr_edge12","ObsFr_edge13","ObstoExp_edge1","MutSpec_edge1","ObstoExp_edge2","MutSpec_edge2","ObstoExp_edge3","MutSpec_edge3","ObstoExp_edge4","MutSpec_edge4","ObstoExp_edge5","MutSpec_edge5","ObstoExp_edge6","MutSpec_edge6","ObstoExp_edge7","MutSpec_edge7","ObstoExp_edge8","MutSpec_edge8","ObstoExp_edge9","MutSpec_edge9","ObstoExp_edge10","MutSpec_edge10","ObstoExp_edge11","MutSpec_edge11","ObstoExp_edge12","MutSpec_edge12","ObstoExp_edge13","MutSpec_edge13"
"1","A>C",7146,9462,3813,1557,555,219,93,21,12,12,0,0,3,0,1.32409739714526,0.0167713856273474,0.533585222502099,0.0172625321505175,0.217884130982368,0.0179282254396154,0.0776658270361041,0.0163949602116652,0.0306465155331654,0.014934173746692,0.0130142737195634,0.0160245532276705,0.00293870696893367,0.00992399871452859,0.00167926112510495,0.00945099531350575,0.00167926112510495,0.0261439942357005,0,0,0,0,0.000419815281276238,0.0788905044395867,0,0
"2","A>G",6140,48693,19026,7449,2946,1296,570,210,108,42,12,6,0,9,7.93045602605863,0.100449360070118,3.09869706840391,0.100248949019248,1.21319218241042,0.0998254569975692,0.479804560260586,0.101284914808041,0.211074918566775,0.102857680640194,0.0928338762214984,0.114306908160856,0.0342019543973941,0.115499828687331,0.0175895765472313,0.0989953277838451,0.00684039087947883,0.106496325705066,0.00195439739413681,0.091616520997884,0.000977198697068404,0.123384989300083,0,0,0.00146579804560261,0.50150860675762
"3","A>U",7349,7710,2796,1131,477,234,108,24,24,6,6,0,0,0,1.04912232956865,0.0132884749999449,0.380459926520615,0.0123086274442689,0.15389848959042,0.0126632756766331,0.0649067900394611,0.0137015761084884,0.0318410668118111,0.015516283524403,0.0146958769900667,0.0180951214127777,0.00326575044223704,0.0110284228857604,0.00326575044223704,0.018379864610236,0.00081643761055926,0.012710911879733,0.00081643761055926,0.0382722437696971,0,0,0,0,0,0
"4","C>A",4657,9102,3963,1419,582,237,57,27,18,3,0,0,0,3,1.95447713120034,0.0247559505349565,0.850977023835087,0.0275307816142662,0.30470259823921,0.02507193547616,0.124973158685849,0.0263813577009635,0.0508911316298046,0.0247994588847397,0.0122396392527378,0.0150707411661511,0.00579772385656002,0.0195788844236385,0.00386514923770668,0.0217533216159476,0.00064419153961778,0.0100292561095295,0,0,0,0,0,0,0.00064419153961778,0.220403897036131
"5","C>G",4779,7782,3072,1224,417,243,72,18,30,12,0,0,3,0,1.62837413684871,0.0206254393774726,0.642812303829253,0.020796243212221,0.256120527306968,0.0210744423312044,0.0872567482736974,0.0184195671473573,0.0508474576271186,0.0247781763626331,0.0150659133709981,0.01855074942631,0.00376647834274953,0.012719378497717,0.00627746390458255,0.0353299918970036,0.00251098556183302,0.0390929028684486,0,0,0,0,0.000627746390458255,0.117964332438855,0,0
"6","C>U",3691,69606,29553,11289,4413,1947,819,270,198,48,12,9,3,3,18.8583039826605,0.238864519372093,8.0067732321864,0.259034872994402,3.05852072609049,0.251665180212339,1.19561094554321,0.25238891580592,0.527499322676781,0.257052601219611,0.221891086426443,0.273215824548176,0.073150907613113,0.247030248607111,0.0536439989162829,0.301912058092698,0.0130046057978868,0.202465437884926,0.00325115144947169,0.152404616344353,0.00243836358710377,0.307877472623615,0.000812787862367922,0.152736804314627,0.000812787862367922,0.278087496206248
"7","G>A",4817,53997,18966,7728,2985,1236,516,213,102,45,9,9,9,0,11.2096740709985,0.141984847192453,3.93730537679053,0.127379578344647,1.60431804027403,0.132008583521865,0.61968029894125,0.130812150373056,0.256591239360598,0.125037971979009,0.107120614490347,0.131898254614159,0.0442183931907826,0.149325292321703,0.0211750051899523,0.119174362951558,0.0093419140543907,0.145441911050692,0.00186838281087814,0.0875844050644085,0.00186838281087814,0.235909435634993,0.00186838281087814,0.351101231923575,0,0
"8","G>C",5459,7743,3012,1251,549,189,90,15,9,9,3,0,0,0,1.41839164682176,0.0179657428001473,0.551749404652867,0.0178501791938429,0.22916285033889,0.0188562756945018,0.100567869573182,0.0212294941436442,0.0346217255907675,0.016871310045779,0.0164865359956036,0.0202999705780215,0.00274775599926727,0.00927915824641107,0.00164865359956036,0.00927873408732993,0.00164865359956036,0.0256674733662277,0.000549551199853453,0.0257613774925356,0,0,0,0,0,0
"9","G>U",5459,61362,19563,7998,3132,1356,486,171,99,36,12,3,3,0,11.2405202418025,0.14237555336467,3.58362337424437,0.115937269445269,1.46510349880931,0.12055355156245,0.573731452647005,0.121112523967019,0.248397142333761,0.12104495461416,0.0890272943762594,0.109619841121316,0.0313244183916468,0.105782404009086,0.0181351895951639,0.102066074960629,0.00659461439824144,0.102669893464911,0.00219820479941381,0.103045509970143,0.000549551199853453,0.0693885175217538,0.000549551199853453,0.103270112607673,0,0
"10","U>A",7006,7008,2760,1149,480,249,93,24,30,9,0,0,0,0,1.00028546959749,0.0126698937587379,0.393948044533257,0.0127449946092953,0.16400228375678,0.0134946492089471,0.0685127033970882,0.0144627706811995,0.0355409648872395,0.0173192591561254,0.0132743362831858,0.0163447698208583,0.00342563516985441,0.0115683528100846,0.00428204396231801,0.0240996333536655,0.0012846131886954,0.0199998197411129,0,0,0,0,0,0,0,0
"11","U>C",4759,68454,29571,11367,4416,1866,714,291,135,69,45,6,3,0,14.3841143097289,0.182193189501335,6.2137003572179,0.201025436362669,2.3885270014709,0.196535885187729,0.927926034881278,0.195881650937351,0.392099180500105,0.191071552039485,0.150031519226728,0.18473470878847,0.0611472998529103,0.20649412532525,0.0283673040554738,0.159653107951463,0.01449884429502,0.225728861346463,0.00945576801849128,0.443259171249481,0.00126076906913217,0.159189710927192,0.000630384534566085,0.118460085044187,0,0
"12","U>G",7267,50520,19740,7977,3027,1323,483,219,129,39,9,6,3,0,6.95197468006055,0.0880556434007248,2.71638915646071,0.087880535609353,1.09770194027797,0.0903225386909855,0.41654052566396,0.0879301181152955,0.182055868996835,0.0887165777871682,0.0664648410623366,0.0818385571352347,0.0301362322829228,0.101769905471379,0.0177514792899408,0.0999065273821185,0.00536672629695885,0.0835532123471896,0.0012384752992982,0.058056155111498,0.000825650199532132,0.104249873992364,0.000412825099766066,0.0775769292314967,0,0
