"","NucSubst","variable","value"
"1","A>C","2019-12_-_2020-04",0.00674337029476254
"2","A>G","2019-12_-_2020-04",0.0351217202852215
"3","A>U","2019-12_-_2020-04",0.018544268310597
"4","C>A","2019-12_-_2020-04",0.0162923721239587
"5","C>G","2019-12_-_2020-04",0.014988982354042
"6","C>U","2019-12_-_2020-04",0.336926255523466
"7","G>A","2019-12_-_2020-04",0.230519519922498
"8","G>C","2019-12_-_2020-04",0.00480248999838537
"9","G>U","2019-12_-_2020-04",0.163284659945103
"10","U>A","2019-12_-_2020-04",0.0116439965950978
"11","U>C","2019-12_-_2020-04",0.123974316688983
"12","U>G","2019-12_-_2020-04",0.0371580479578857
"13","A>C","2020-05_-_2020-07",0.0118018037069574
"14","A>G","2020-05_-_2020-07",0.0335171225277589
"15","A>U","2020-05_-_2020-07",0.0205351384501058
"16","C>A","2020-05_-_2020-07",0.0131391772042719
"17","C>G","2020-05_-_2020-07",0.0109493143368932
"18","C>U","2020-05_-_2020-07",0.308770664300389
"19","G>A","2020-05_-_2020-07",0.18154805425518
"20","G>C","2020-05_-_2020-07",0.0100860030141766
"21","G>U","2020-05_-_2020-07",0.245089873244492
"22","U>A","2020-05_-_2020-07",0.0128025293334091
"23","U>C","2020-05_-_2020-07",0.105728753483772
"24","U>G","2020-05_-_2020-07",0.0460315661425945
"25","A>C","2020-08_-_2020-10",0.00683079245296333
"26","A>G","2020-08_-_2020-10",0.0353139081530557
"27","A>U","2020-08_-_2020-10",0.0235855663941941
"28","C>A","2020-08_-_2020-10",0.0155445126085239
"29","C>G","2020-08_-_2020-10",0.0113594515216136
"30","C>U","2020-08_-_2020-10",0.316271044996506
"31","G>A","2020-08_-_2020-10",0.154203404663848
"32","G>C","2020-08_-_2020-10",0.0209276049186651
"33","G>U","2020-08_-_2020-10",0.277566128394927
"34","U>A","2020-08_-_2020-10",0.0125673176749786
"35","U>C","2020-08_-_2020-10",0.0901705043179717
"36","U>G","2020-08_-_2020-10",0.0356597639027519
"37","A>C","2020-11_-_2020-12",0.00631991002446513
"38","A>G","2020-11_-_2020-12",0.0324795375940866
"39","A>U","2020-11_-_2020-12",0.018319739184842
"40","C>A","2020-11_-_2020-12",0.0152151487288608
"41","C>G","2020-11_-_2020-12",0.00946308030697441
"42","C>U","2020-11_-_2020-12",0.3373309803545
"43","G>A","2020-11_-_2020-12",0.155537785633751
"44","G>C","2020-11_-_2020-12",0.0205104772264287
"45","G>U","2020-11_-_2020-12",0.277575125131002
"46","U>A","2020-11_-_2020-12",0.00950705060687452
"47","U>C","2020-11_-_2020-12",0.0874161114775693
"48","U>G","2020-11_-_2020-12",0.0303250537306459
"49","A>C","2021-01_-_2021-02",0.00755572751619849
"50","A>G","2021-01_-_2021-02",0.0357665144924396
"51","A>U","2021-01_-_2021-02",0.0172878330669542
"52","C>A","2021-01_-_2021-02",0.0180963343173543
"53","C>G","2021-01_-_2021-02",0.00761950918625445
"54","C>U","2021-01_-_2021-02",0.355354859673942
"55","G>A","2021-01_-_2021-02",0.164764926024169
"56","G>C","2021-01_-_2021-02",0.017371381976989
"57","G>U","2021-01_-_2021-02",0.241444662629666
"58","U>A","2021-01_-_2021-02",0.00983509150976989
"59","U>C","2021-01_-_2021-02",0.0963738865244882
"60","U>G","2021-01_-_2021-02",0.0285292730817753
"61","A>C","2021-03_-_2021-04",0.00805104146306281
"62","A>G","2021-03_-_2021-04",0.0410858703234079
"63","A>U","2021-03_-_2021-04",0.0181467918691257
"64","C>A","2021-03_-_2021-04",0.016228343169768
"65","C>G","2021-03_-_2021-04",0.00577995784128722
"66","C>U","2021-03_-_2021-04",0.382218237761019
"67","G>A","2021-03_-_2021-04",0.173924859606221
"68","G>C","2021-03_-_2021-04",0.0106484607922176
"69","G>U","2021-03_-_2021-04",0.205733723254768
"70","U>A","2021-03_-_2021-04",0.0107672313368008
"71","U>C","2021-03_-_2021-04",0.101772727301008
"72","U>G","2021-03_-_2021-04",0.0256427552813139
"73","A>C","2021-05_-_2021-06",0.00677878711707878
"74","A>G","2021-05_-_2021-06",0.0430765479212949
"75","A>U","2021-05_-_2021-06",0.0139902627735456
"76","C>A","2021-05_-_2021-06",0.0159458423377849
"77","C>G","2021-05_-_2021-06",0.00680207260562854
"78","C>U","2021-05_-_2021-06",0.35794513219783
"79","G>A","2021-05_-_2021-06",0.179549841617652
"80","G>C","2021-05_-_2021-06",0.00862825325851418
"81","G>U","2021-05_-_2021-06",0.239947614427251
"82","U>A","2021-05_-_2021-06",0.00896564831971617
"83","U>C","2021-05_-_2021-06",0.0916488494904319
"84","U>G","2021-05_-_2021-06",0.0267211479332717
"85","A>C","2021-07_-_2021-08",0.00730052010985538
"86","A>G","2021-07_-_2021-08",0.0474533807140599
"87","A>U","2021-07_-_2021-08",0.0157200980467689
"88","C>A","2021-07_-_2021-08",0.0171801353190932
"89","C>G","2021-07_-_2021-08",0.00710689050969685
"90","C>U","2021-07_-_2021-08",0.305163698581591
"91","G>A","2021-07_-_2021-08",0.20436588611003
"92","G>C","2021-07_-_2021-08",0.0111575804115782
"93","G>U","2021-07_-_2021-08",0.259698376722551
"94","U>A","2021-07_-_2021-08",0.00910947797884627
"95","U>C","2021-07_-_2021-08",0.0836090946757209
"96","U>G","2021-07_-_2021-08",0.0321348608202082
"97","A>C","2021-09_-_2021-10",0.00760242385629742
"98","A>G","2021-09_-_2021-10",0.0433668699976618
"99","A>U","2021-09_-_2021-10",0.0173864128191845
"100","C>A","2021-09_-_2021-10",0.0194731632722519
"101","C>G","2021-09_-_2021-10",0.00413996384528191
"102","C>U","2021-09_-_2021-10",0.314023924264346
"103","G>A","2021-09_-_2021-10",0.184462517275526
"104","G>C","2021-09_-_2021-10",0.0132767814884375
"105","G>U","2021-09_-_2021-10",0.287569437345307
"106","U>A","2021-09_-_2021-10",0.00789655565003649
"107","U>C","2021-09_-_2021-10",0.0748964130276421
"108","U>G","2021-09_-_2021-10",0.0259055371580279
